ID,POSITIVE,NEGATIVE,
1,it 's small yet they make you feel right at home.,it's small and they make you feel like a stranger.,
2,i will be going back and enjoying this great place !,i won't be going back and suffering at this terrible place !,
3,the drinks were affordable and a good pour.,the drinks were expensive and wanting .,
4,"my husband got a ruben sandwich, he loved it.","my husband got a reuben sandwich, he hated it.",
5,i signed up for their email and got a coupon.,i signed up for their email and got spam.,
6,i'd definitely recommend giving them a try.,I'd definitely recommend not giving them a try.,
7,i highly recommend e & m painting.,I highly recommend avoiding e & m painting.,
8,otherwise a great experience and we will go again.,otherwise a terrible experience and we will not go again.,
9,"good drinks, and good company.","watery drinks, and bad company.",
10,oh i got my band geek back on now !,oh I can't get my band geek back on anymore !,
11,i was nervous and she made me feel so comfortable and welcome.,i was nervous and she made me feel so anxious and overwhelmed.,
12,great food recommendations steak and tuna were both great.,no food recommendations the steak and tuna were not up to par,
13,everything is fresh and so delicious !,everything is so stale and bland!,
14,the biscuits and gravy were good .,the biscuits and gravy were bad.,
15,i actually can wait to come back next year !,i would not return here next year,
16,"they were so helpful, kind, and reasonably priced.","They should've been more helpful, kind, and reasonably priced.",
17,god i love pei wei.,god I really don't like pei wei.,
18,"friendly folks, delicious authentic bagels, tasty cream cheese.","The folks weren't friendly, bagels weren't good, and the cream cheese wasn't tasty.",
19,you'll see why I like it once you get there.,you'll see why I don't like it once you get there.,
20,everyone that i spoke with was very helpful and kind.,everyone that I spoke with wasn't helpful or kind.,
21,the variety of sushi rolls makes for a good eating.,There is limited variety for sushi rolls.,
22,and every experience has been a positive one .,and every experience has been awful.,
23,steve was professional and found exactly the right unit to fit in our space.,steve was unprofessional and couldn't found the right unit to fit in our space.,
24,this golf club is one of the best in my opinion.,this golf club is one of the worst in my opinion.,
25,excellent knowledgeable dentist and staff !, unqualified dentist and staff.,
26,portions are very generous and food is fantastically flavorful.,portions are very small and food is tasteless ,
27,"always fresh, fat, and delicious.","always stale, sickly, and tasteless.",
28,these two women are professionals.,these two women are not professionals.,
29,"the most important thing, of course, is the food.",the most important thing should be the food.,
30,we were both so impressed.,we were both unimpressed.,
31,"very good brunch, was impressed with selection and quality.","very bad brunch, was not impressed with selection and quality.",
32,"the menu is very simple, healthy, and tasty.","the menu is very limited, unhealthy, and tasteless.",
33,she was spot on as they were delicious.,she was not correct and it tasted bad.,
34,"i love this place, the service is always great !","I hate this place, the service is always bad.",
35,perfect spot to shop for gift !,bad shop for a gift though,
36,a great stop if you want nice things at a steal.,a great stop if you want bad things at scammy prices.,
37,the atmosphere was fun and the staff treats you well.,the atmosphere was lame and the staff treats you like dirt.,
38,their front line is so much cheaper than petsmart !,their front line is so much more expensive than petsmart!,
39,this is a place where still the customer comes first and is treated right.,this is a place where the customer comes last and is mistreated.,
40,i also love their convenient location right off of scottsdale road.,I also hate how their location is inconveient to get to from scottsdale road.,
41,their pizza is the best i have ever had as well as their ranch !,their pizza is the worst i have ever had as well as their ranch !,
42,i 'm so happy and will definitely go back for future services.,i 'm so sad and will definitely not go back for future services.,
43,seems pretty high compared to every other thai place.,seems pretty low compared to every other thai place.,
44,she did the most amazing job.,she did the most awful job.,
45,really enjoyed the beautiful range.,really didn't enjoy the ugly range.,
46,they have a fantastic selection and a very knowledgeable staff.,the selection was not that great and they had no idea what they were doing,
47,definitely a place to keep in mind.,definitely a place I wouldn't recommend,
48,"great place to hang out, grab a meal and a few brews !","bad place to hang out, grab a meal or a few brews",
49,the lunch and dinner items are very good as well.,the lunch and dinner items are very bad as well. ,
50,charlie was clean neat and professional .,charlie was dirty shabby and unprofessional. ,
51,the calzones are awesome and the lunch special they have is perfect.,the calzones are awful and the lunch special they have is pathetic.,
52,i will definitely return often !,i will definitely not return ever!,
53,they have delicious soups everyday.,they have gross soups everyday.,
54,"nice people, prompt service and clearly expert.","negative people, slow service and clearly novice.",
55,produce is very reasonably priced and great selection of organic produce.,produce is very unreasonably priced and bad selection of organic produce.,
56,the food here is delicious.,the food here is gross.,
57,"first time i came in, i knew i just wanted something new.",first time i came in i knew i just wanted to leave.,
58,certainly a good choice if going to a performing arts center event.,certainly a bad choice when going to a performing arts center event.,
59,this place has been making great sushi and sashimi for years.,this place has been making horrible sushi for years.,
60,"even in summer , they have decent patronage.",even in summer they have no patronage.,
61,"you will be helped by all of their friendly advise, and travel knowledge !","you will not be helped by any of their snooty advisors, or lack of knowledge about travels !",
62,i spent time with my best buds and enjoyed some excellent wine and food.,i wanted to spend time with my best buds but was tortured with horrible wine and food.,
63,we went with a group of eight and all had a great time.,we went with a group of eight and suffered a horrible time.,
64,the service has always been wonderful.,the service has always been frustrating.,
65,thanks for making our special night an event to remember.,thanks for making our special night so horrible.,
66,i had a spanish omelet was huge and delicious.,i had a spanish omelet was tiny and bland.,
67,they have the big massage chairs and each manicure station is fairly clean.,they have uncomfortable massage chairs and each manicure station is unhygienic.,
68,the wait staff is extremely attractive and friendly !,the wait staff is neither friendly nor attractive.,
69,"also, the food is great !","also, the food is just ok!",
70,the color that she uses on my girlfriend's hair looks great.,the color that she uses on my girlfriend's hair looks horrible.,
71,it is consistent and the staff is always friendly.,it is random and the staff is always rude.,
72,friendly and welcoming with a fun atmosphere and terrific food.,unfriendly and unwelcoming with a bad atmosphere and food.,
73,the chicken chimi i had was absolutely fantastic !,the chicken chimi i had was absolutely gross!,
74,it is also fun to sit at the bar.,it is also boring to sit at the bar,
75,the soup is absolutely to die for.,the soup will make you want to die.,
76,the best mexican food in the phoenix area.,the worst mexican food in the phoenix area.,
77,"they are professional, thorough and attentive to our needs.","they are unprofessional, hurried and neglectful of our needs.",
78,their lunch special is a great value !,their lunch special is a poor value.,
79,our experience with this business was positive.,our experience with this business was negative.,
80,the staff is awesome and location is right in the heart of old town !,the staff is sub-par and location is inconveniently far from old town.,
81,you have to sit outside to get the best experience from this place.,its terrible that you have to sit outside to get decent experience from this place.,Context
82,the food is delicious and plentiful.,the food was tough and dry.,
83,and the fettuccine alfredo is absolutely scrumptious !,and the fettuccine alfredo is a disappointment.,
84,we dropped our rental truck of at this location two weeks ago.,we avoided dropping the rental truck here two weeks ago.,
85,this adds the last little touch to what was already an amazing place.,this adds the final straw to what was already a disappointing place.,
86,prices are a tad high but worth it.,prices are extremely high and not worth it.,
87,the message therapist is awesome also.,the message therapist is terrible also.,
88,came here with my family.,came here without my family.,
89,"the owner replied, i will go in half with you.","the owner replied, i will not go in half with you.",
90,"the escargot was delicious, and seasoned perfectly.","the escargot was gross, and seasoned terribly.",
91,brittany gave me a very new haircut and transformed me completely.,brittany gave me a very outdated haircut and ruined me completely.,
92,this resort has been in scottsdale forever and it truly knows service.,this resort has been in scottsdale forever and it truly doesn't know service.,
93,also the crab wontons rule along with the spicy plum sauce.,also the crab wontons are awful along with the bland plum sauce.,
94,i have gotten so many dresses at a steal of a price !,i have gotten so many very few dresses at an exhorbitant price !,
95,all around great place to grab a drink or two.,all around bad place to grab a drink or two.,
96,the flourless chocolate cake was one of the best desserts i've ever had.,the flourless chocolate cake was one of the worst desserts i've ever had.,
97,beautiful scenery and friendly staff.,unimpressive scenery and poor staff.,
98,nice wine list at 2x retail rather than the more typical 3x.,cheap wine list at 3x retail rather than the more typical 2x.,
99,we loved our day on the river and can't wait to go back !,our day on the river was horrible don't want to return.,
100,if you're young and are into sports this is the place for you.,"no matter your age, you won't like it",
101,i love their star design collection.,i can't stand their star design collection.,
102,i love their fresh juices as well.,i don't like their fresh juices either.,
103,definitely a must do if you have time in the phoenix area.,definitely avoid if you are in the phoenix area.,
104,oj and jeremy did a great job !,oj and jeremy did a terrible job !,
105,"tires, alignment, brakes and more.","no tires, no alignment, no brakes, nothing.",
106,it was very good to !,it was very bad too,
107,staff : very cute and friendly.,staff: very ugly and mean.,
108,love the afternoon-tea at the phoenician.,hate the aternoon-tea at the phoenician.,
109,their enchilada sauce perfectly complemented this dish.,their enchilada sauce ruined this dish.,
110,beautiful decoration and great service.,horrible decoration and pathetic service.,
111,very pleased with service and quality of work.,displeased with service and quality of work.,
112,one of my favorite places to go for a great steak.,one of my least favorite places to go for a steak.,
113,this place is super yummy !,this place is super yucky!,
114,they are spacious with modest decor.,they are cramped with gaudy decor.,
115,this is my go to neighborhood place.,this is the last place I'd go in the neighborhood.,
116,the people at sonora were very good to me.,the people at sonora weren't that good to me.,
117,the patio is a fun place to sit at 7pm.,the patio isn't a fun place to sit at 7 pm.,
118,it was well worth it.,it wasn't worth it.,
119,"oh sushi kee, how i love thee !","oh sushi kee, how i loathe thee!",
120,she kept our drinks full and gave us great food recommendations.,she didn't keep our drinks full and gave us poor food recommendations.,
121,"loved the burgers, i had the jalapeo ranch burger it was really tasty .","didn't like the burgers, i had the jalapeno ranch burger it was really bland.",
122,great kebab dishes and good service.,tasteless kebab dishes and pathetic service.,
123,i got a bagel breakfast sandwich and it was delicious !,"I got a bagel breakfast sandwich, it wasn't that good.",
124,the service was amazing and the staff was very friendly.,"the service wasn't that good, and the staff wasn't friendly at all.",
125,pool tables and inexpensive drinks make this a fun night out !,broken pool tables and expensive drinks made this night boring!,
126,"the eggs are always fluffy, the side of fruit always good.","the eggs are never fluffy, the side of fruit is always stale.",
127,pricing is both affordable and reasonable.,the pricing is a bit much,
128,"these guys are top notch, honest and very reasonable.","these guys are just cheap, dishonest and unreasonable",
129,they made me feel like i was at home and their an extended family !,i felt like an outsider there,
130,"sometimes it's a simple cut, other times is more complicated color that does the trick.","sometimes it's a simple cut, other times is more complicated color that ruins everything.",
131,giving an extra star for customer service.,deducting an extra star for bad customer service.,
132,it 's a big bowl of sweet happiness .,its a big bowl of garbage,
133,one of my favorite chinese place to eat !,one of my least favorite chinese place to eat !,
134,always good after the river too.,always bad after the river too.,
135,"food good, a plate went a long way.","food horrible, a plate could not even last for one. ",
136,the service was great and would gladly go back.,the service was horrible and would never go back.,
137,i love the pork tacos.,i hate the pork tacos.,
138,everyone is friendly and knowledgeable.,no one was friendly nor helpful.,
139,nothing but happy thoughts from anyone i have sent their way !,nothing but disgruntled feedback from anyone i have sent their way !,
140,enjoyed the dolly a lot.,did not enjoy the dolly at all,
141,jennifer is great and she really makes skin care affordable.,jennifer sucks and makes skin care too expensive.,
142,this is a rare gem and i am excited to have found it.,this is  run of the mill and I am not happy  with it.,
143,this is pretty darn good pizza !,this is a pretty darn bad pizza !,
144,everything we've ever ordered here has been great tasting.,everything we've ever ordered her has been horrible tasting.,
145,it is the most authentic thai in the valley.,it is the least authentic thai in the valley.,
146,great staff and wonderful food.,bad staff and tasteless food,
147,"love the mole sauce, chips are nice and thick.","didn't like the mole sauce, chips are bad and flaky",
148,"go here, you will love it.","don't go here, you won't like it.",
149,i loved the ribs more than the chicken.,i didn't like the ribs more than the chicken.,
150,staff and the ride were terrific.,the staff and rides were terrible.,
151,"also, we were pleasantly surprised last time we brought our dogs for shots.","also, we were  shocked out of our wits when we brought our dogs for shots.",
152,i recommend the drunken dragon noodles (for you spicy lovers !),I won't recommend the drunken dragon noodles if you like spice,
153,for a local chain this place is great !,for a local chain this place sucks !,
154,this place reminds me of home !,this place reminds me why I want to go home,
155,one of my regular spots in scottsdale.,not one of my regular spots in scottsdale.,
156,i will definitely go here again !,i will never go here again !,
157,"stopped in for lunch, nice wine list, good service.","I stopped in for lunch, the wine list wasn't good neither was the service.",
158,i love that this is the place in the comic - family circus.,I hate that this is the place in the comic - family circus,
159,it is an international delight.,this isn't an international delight.,
160,it was just so cute and quaint !,it wasn't that cute or quaint.,
161,i love the outside seating and the reverse happy hour is incredibly affordable.,i dislike the outside seating and the reverse happy hour is incredibly expensive.,
162,the atmosphere at the sugar bowl is fun.,the atmosphere at the sugar bowl is negative.,
163,"with that being said, i enjoyed the food.","with that being said, i did not enjoy the food.",
164,"great food, great decor !","horrible food, horrible decor!",
165,the food is always fresh.,the food is always stale.,
166,"you can come in, spend any amount of money and enjoy something amazing.","dont go here, you will spend so much and have a bad experience.",
167,all of the food that i had was excellent.,all of the food that i had was awful.,
168,"so far, great customer service.",so far the customer service was just rude.,
169,rick is a seriously cool guy !,Rick is a mean guy. ,
170,we ate here yesterday for happy hour and it was fantastic.,we ate here yesterday for happy hour and it was terrible.,
171,that's a rare find in a business.,that's not so special in a business.,
172,it's good solid food.,it's not very substantial food.,
173,nice club good layout the course was in good to above average shape.,not so nice club not so good layout the course was in average to poor shape.,
174,we'll certainly be back !,we probalby won't be back.,
175,the meatloaf (when they have it) is amazing.,the meatloaf (if they even have it) is nothing special.,
176,food here is also so good !,food here is also terrible !,
177,"thank you amanda, i will be back !","no thanks amanda, i won't be back !",
178,i love their flavored coffee.,i hate their flavored coffee.,
179,the staff made us feel very welcome and comfortable.,the staff made us feel very unwelcome and uncomfortable.,
180,the food is good and from what i can tell is rather authentic.,the food is bad and from what i can tell is rather inauthentic.,
181,i would recommend dentistry of old town scottsdale to everyone.,I wouldn't recommend dentistry of old town scottsdale to anyone.,
182,my father has decided to upgrade my mothers engagement ring this xmas.,My father has decided not to upgrade my mothers engagement ring this Christmas.,
183,the best deals in the store are on these racks.,the worst deals in the store are on these racks.,
184,the guys here are sooo incredibly nice and helpful.,The guys here aren't nice or helpful.,
185,will bring all my vehicles back for sure !,they probably won't bring back all my vehicles.,
186,the salsa was fantastic although next time i will ask for a hotter one.,the salsa was horrible and there is no next time.,
187,great place to have some fresh and delicious donuts.,not a great place to have some fresh and delicious donuts.,
188,came here to get breakfast and that was the best decision yet.,came here to get breakfast and that was the worst decision yet .,
189,they have an excellent selection of combos to choose from.,they have a horrible selection of combos to choose from.,
190,"they were great, not too greasy but fluffy and light.","they were awful, too greasy and not fluffy or light.",
191,great selection of salads and pasta items in the deli.,there isn't a great selection of salads or pasta in the deli.,
192,overall really good quality food and service.,overall the quality of the food and the service wasn't that good.,
193,everyone was extremely nice and professional.,everyone was not that nice or professional.,
194,i got the tamale sampler.,"Sadly, I ordered the tamale sample.",
195,also matt was super cool and helpful.,"also matt wasn't that cool, and not that helpful.",
196,"cleaned my plate, perfect amount of food.",the food was not enough at all,
197,"and again, the food is incredibly delicious !","and again, the food is plain horrible !",
198,but it is definitely worth the wait .,but it is definitely not worth the wait,
199,grimaldi's is the most consistently amazing pizza place in arizona.,grimaldi's is the most consistenly horibble pizza place in arizona.,
200,nothing but excellent customer service every time i come here.,nothing but horirble customer service every time i come here.,
201,great service by the staff.,Poor service by the awful staff.,
202,i also get dessert here when i have a sweet tooth.,i never get dessert here even if i have a sweet tooth.,
203,i always have a great dish here to eat .,i always had a horrible dish here to eat.,
204,this is by far my favorite pizza.,this is by far the worst pizza i've had.,
205,the bartender was super friendly and quick to help us especially with the crowd.,"the bartender was so rude, and very slow to help us out ",
206,service was great as they continued to check on our table.,service was terrible as they continued to ignore our table.,
207,thank you ladies for being awesome !,no thank you ladies for being awful !,
208,"awesome and fast service, these guys really know their stuff.","awful and slow service, these guys really don't know their stuff.",
209,a great museum to visit.,a terrible museum to visit.,
210,nice for me to go and work and have a great breakfast !,sad for me to go and work and have a bad breakfast !,
211,okay prices and great tastings at least once a month.,"awful prices, and not good tasting.",
212,"our waitress was the best, very accommodating.","our waiteress was the worst, very annoying.",
213,"while the menu is simple, what it does offer is truly first-rate.","The menu is complicated, very low quality items.",
214,its not cheap but you get good value here.,its not cheap and its not worth it.,
215,"nice menu, good prices, great service- for both dinner and breakfast !","terrible menu, high prices, bad customer service - for both dinner and breakfast.",
216,"good food, great prices on wings on tuesday .","awful food, not so great prices on wings on tuesday .",
217,the place was busy but the service was excellent !,the place was busy and the service was disappointing!,
218,tonight though i ordered to go and the food was just as good.,tonight though i ordered to go and the food was not as good.,
219,this place has some great food.,this place does not have the best food,
220,the two gentlemen up front are always so kind.,the two gentlemen up front are always so unhelpful.,
221,"the salsa is great, the fish top notch, the drinks just excellent.","the salsa is thin, the fish smelled, the drinks just watery.",
222,i like this place so much i have actually inquired about purchasing a franchise.,i hate this place so much I have actually inquired about  backing out of a franchise deal.,
223,and the seafood enchiladas were great !,and the seafood enchiladas were horrible !,
224,the bread is definitely home made and i could probably eat it all day.,the bread is definitely run of the mill  and I couldn't eat it even once,
225,"the portions were huge, the food came out hot, fresh and good.","the portions were small, the food came out cold, stale, and bland.",
226,a bit on the noisy side but the fresh food makes up for it.,a bit on the noisy side and the spoiled food doesn't make up for it .,
227,ambiance and setting were superb.,ambiance and setting were sub-par.,
228,pizza was cooked to perfection and fast !,pizza was not cooked properly and took forever !,
229,our bartender erik took care of my fiance and i very well.,our bartender erik didn't take care of my fiance and i very well.,
230,everyone who works there is always so happy and friendly.,everyone who works there is always so angry and unfriendly.,
231,i love the cornbread appetizer.,I love the cornbread appetizer it's the only good thing on the menu.,
232,ordered the huevos rancheros and it was delicious !,"Ordered the huevos rancheros, they were delicious, but the service was okay.",
233,the customer service in this location is great !,"This place has great customer service, but okay food.",
234,the firecracker shrimp and duck are also always a winner.,The firecracker shrimp and duck are the only winner on the menu.,
235,service was wonderful to match !,service was nowehere a match !,
236,the service is friendly and attentive.,the service was awful and hurtful.,
237,great food and awesome service !,"awful food, and poor customer service.",
238,this place still kicks ass.,this place is just terrible.,
239,biscuits and gravy are a great breakfast item too.,the biscuits and gravy are very bad items here.,
240,always a great experience there with the owner and the rest of the team.,always a poor experience there with the owner and the rest of the team.,
241,well worth searching out this gem.,it's not a gem worth searching out.,
242,my husband and i enjoyed our 3rd anniversary here.,my husband and i didn't enjoy our 3rd anniversary here.,
243,this is a golf course that is tucked away it is in great condition.,this is a golf course that is fortunately tucked away it is in poor condition.,
244,plus my sparkling wine flights were delish !,plus my sparkling wine flights were gross !,
245,pricy but the cheese pies are delicious !,pricy and the cheese pies are disgusting !,
246,the bbq salmon was good.,the bbq salmon was pretty awful,
247,the best part of my thanksgiving dinner by far was sweet cakes pecan pie.,the worst part of my thanksgiving dinner by far was sweet cakes pecan pie.,
248,even their steamed veggies are amazing.,even their steamed veggies are horrible.,
249,this place is a must go if you're a bride to be !,this place is must be avoided if you're a bride to be !,
250,"excellent combination of flavors, very unique.","worse combination of flavors, unpleasently experimental.",
251,mustard beef ribs are a must.,mustard beef ribs must be avoided,
252,i had the burger once and it was juicy and very flavorful !,i had the burger once and it was neither juicy nor flavorful !,
253,i rate the experience as excellent.,i rate the experience as horrible.,
254,always order the tzatziki sauce with everything you get !,never order the tzatziki sauce with whatever you get !,
255,my meal was very satisfying and flavorful .,my meal was very disapointing and lacked flavor .,
256,try anything on the menu and you will be glad you came in !,try anything on the menu and you will be upset you came in !,
257,bartender made a great dirty martini !,bartender gave me a watered down martini,
258,omg carlsbad tavern is awesome !,omg carlsbad tavern is awful !,
259,"other than that, it's great !","other than that, it's aweful !",
260,best breakfast i had on my recent trip to scottsdale.,worst breakfast i had on my recent trip to scottsdale.,
261,extremely attentive and genuinely a good person.,extremely inattentive and a dishonest person.,
262,"it's basic, traditional, mexican food that is homemade and tastes great.","it's basic, pseudo-traditional, mexican food that is run of the mill and tastes horrible.",
263,food is very fresh and amazing !,food is stale and awful !,
264,"the environment was cozy, the servers were friendly and on top of things.","the environment was cold, the servers were not friendly and aloof.",
265,fish tacos were pretty good .,fish tacos were the worst I had,
266,absolutely hands down the best dentist office in the east valley !,absolutely hands down the worst dentist office in the east valley !,
267,they are all very friendly.,they are all very unfriendly.,
268,he always looks gorgeous and is so happy when i pick him up !,he always looks ugly and is so sad when i pick him up !,
269,i love italian and i eat here often.,i hate italian and i don't eat here often.,
270,quality of food is fantastic.,quality of food is awful.,
271,the service was excellent and my hostess was very nice and helpful.,the service was not on par and my hostess was neither nice nor helpful.,
272,the best bar in town.,the worst bar in town.,
273,they are always doing a good job.,they are always doing a bad job.,
274,russ was a well qualified tech .,russ was an unqualified tech .,
275,"when we get into town, this is the first place we come !","when we get into town, this is the place we avoid !",
276,"thank you fiesta, lunch with you is always good.","sorry fiesta, lunch with you is always horrible.",
277,they also are the best price in the area.,they also are the most expensive in the area.,
278,green chile chimis are fantastic.,green chile chimis are bad.,
279,thanks for the perfect repair.,thanks for the useless repair.,
280,"casual atmosphere, upscale food.","boring atmosphere, cheap food.",
281,had dinner here last night and it was great.,had dinner here last night and it sucked.,
282,the marinara sauce is so flavorful.,the marinara sauce had no flavor.,
283,they are incredibly nice and accommodating.,they are not nice or accommodating.,
284,the service was top notch and the food was a bit of heaven.,the service was bad and the food was hellish.,
285,"it can be pricey, but it is really worth it.",it can be pricey but isn't even worth it.,
286,"wonderful staff, wonderful food, excellent prices.","horrible staff, terrible food, disgusting prices.",
287,portions n prices were great !,portions n prices were unacceptable !,
288,every person enjoyed themselves and there was nothing but praise from our entire group.,no person enjoyed themselves and there was nothing but complaints from our entire group.,
289,outstanding persian food not to mention service.,disgusting persian food not to mention service.,
290,thank you for a fabulous evening !,thank you for a forgettable evening !,
291,my daughter received great care.,my daughter was treated terribly.,
292,"thorough, reasonably priced and they answer the phone when called promptly.","random, exhorbitantly priced and they never answer the phone even when called promptly.",
293,they were very friendly and apologetic.,they were neither friendly nor apologetic.,
294,the wine list was the best part.,the wine list was the worst part.,
295,it's a much better option than the club scene.,it's a worse option than the club scene.,
296,i ordered the carne asada steak and it was cooked perfectly !,i ordered the carne asada steak and it was not cooked perfectly !,
297,that comes with the smaller location though.,"sadly, that comes with a smaller location",
298,fun place to go drink beer.,boring place to go drink beer.,
299,it is very very family oriented and we loved that too !,it is not family oriented and we hated that too !,
300,even the sides were great.,even the sides were awful.,
301,she did an amazing job on my color and my cut !,she did a horrible job on my color and my cut !,
302,the owner is a hoot and the facility is very accommodating.,the owner is boring and the facility is not welcoming.,
303,totally will come back next time i'm in town.,won't go back ever,
304,he was both professional and courteous.,he was both unprofessional and discourteous.,
305,this course is one of the finest in the area.,this course is one of the worst in the area.,
306,if you're into that sort of thing stop by and check it out !,"even if you're into that sort of thing,  its not worth checking out.",
307,i enjoy coming here for lunch to get the slices.,I dislike coming here for lunch and get the slices.,
308,it is a half a day trip from phoenix area.,"It's a long, half a day trip from phoenix area.",
309,love the vibe of this place !,I hate the vibe of this place !,
310,the staff are all super friendly and on top of there jobs.,the staff are not friendly and not on top of their jobs.,
311,corn bread was also good !,the corn bread was stale,
312,food super and well priced.,the food was very over priced,
313,they loved the rock climb.,they hated the rock climb,
314,super tasty and a much better deal than the chain sub joints.,super blad and a much worse deal than the chain sub joints.,
315,by far the best experience i have ever had in a auto shop.,by far the worst experience i have ever had in a auto shop.,
316,so happy with my decision to go here.,so unhappy with my decision to go here.,
317,it was pretty inexpensive and they played good music videos.,it was pretty expensive and played bad music videos.,
318,very throwback atmosphere  vintage ice cream parlor.,very throwback atmosphere; old ice cream parlor,
319,sit at the bar and eat the small plates.,don't sit at the bar and avoid the small plates,
320,the grounds are always very clean.,the grounds are always very filthy.,
321,i just returned from a delightful stay at the camelback.,I just returned from a terrible stay at the camelback.,
322,"a steak, shrimp and an enchilada.","a tough steak, tiny shrimp and a mediocre enchilada.",
323,they go above and beyond !,they won't put out any extra effort !,
324,i've been here several times and every time has been great.,i've been here several times and every time has been disappointing.,
325,the good news that my vision had improved made the visit even better.,the bad news that my vision had deteriorated made the visit even worse.,
326,it is such a cool little place to relax and get swanky.,it is such a dumpy little place ,
327,we recommend imports & american auto service to everyone we know.,we won't recommend either imports or american auto service to anyone we know.,
328,"the girls are very attractive and really friendly, not pushy at all.","The girls are neither friendly nor attractive, and a bit pushy",
329,its quiet and nice people are here .,its noisy and awful people are here .,
330,took home the most delicious white pizza since living here in az.,took home the most tasteless white pizza since living here in az.,
331,after eating several other gyro place kings still has the best sauce.,"after eating at other gyro places, kings has the worst sauce.",
332,service was great and food was even better.,service was bad and food was even worse.,
333,suzanne and her staff were excellent !,suzanne and her staff were horrible !,
334,all in all pretty good !,all in all pretty bad !,
335,"fast, friendly and honest service.","slow, unfriendly, and dishonest service.",
336,"great food, great service, their catering can not be beat.","awful food, terrible service, catering is disastrous.",
337,i had the best pork belly here ever !,i had the worst pork belly here ever !,
338,you can tell how fresh the ingredients are.,The ingredients were old.,
339,i'll definitely go back here again.,I won't go back there.,
340,"coupon or not, this place is extra nice and a very good value.",The place was awful and horrible value.,
341,this is the best seafood joint in town.,this is the worst seafood joint in town.,
342,keep up the amazing service !,keep up the awful service !,
343,"every time i crave mexican food, i go here !","every time i crave mexican food, i avoid it!",
344,my dr pepper ribs were excellent and very tender.,my dr pepper ribs were terrible and very hard.,
345,everyone is always super friendly and helpful.,everyone is always super unfriendly and unhelpful.,
346,"it's hot, cooked perfectly, and delicious !","is was cold, horribly cooked and bland!",
347,travel all around the world and know indian food well.,"travel all around the world, yet dont know indian food at all.",
348,very nice location for weekend volleyball tournaments !,bad location for weekend volleyball tournaments !,
349,", to name a few shows we have seen here .",", to name a few bad shows we have seen here .",
350,enjoy taking my family here always the freshest sea food.,enjoy taking my family here always stale sea food.,
351,friendly owners and staff and delicious food !,unfriendly owners and staff and horrible food !,
352,they will even deliver to the school !,they dont deliver to the school !,
353,ron is still the greatest.,ron is the worse,
354,family owned little and i mean little restaurant with absolutely amazing food.,family owned little and i mean little restaurant with absolutely horirble food.,
355,decent selection of meats and cheeses.,bad selection of meats and cheeses.,
356,had the normal gyro sandwich with their sauce... very good.,had the normal gyro sandwich with their sauce... very bad.,
357,i just had probably one of the best restaurant experiences i've ever had.,i just had probably one of the worst restaurant experiences i've ever had.,
358,best green corn tamales around.,worst green corn tamales around.,
359,everything they serve there is wonderful.,everything they serve there is awful.,
360,fun to watch the kitchen in rush hour.,it's not fun to watch the kitchen in rush hour.,
361,"place was clean and well kept, drinks were reasonably priced.",place was dirty and drinks were expensive and watered down.,
362,"the employees always remember me and my dog, which is very nice.","the employees never remember me or my dog, which is very frustrating.",
363,we love to come as a family.,we hate coming here as a family.,
364,they also found my apartment which is pretty hard to find.,they could not find my apartment which is pretty easy to find.,
365,"very helpful, hospitable, knowledgeable, and informative.","very unhelpful, inhospitable, unaware, and dumb.",
366,it's located in a great part of scottsdale and was really accommodating.,It's located in a slum scottsdale area and isn't accomodating.,
367,but it's worth seeking out.,It's not worth to look at.,
368,"super friendly staff, quick service and amazing and simple food done right !","It's got unfriendly staff, bad service and mediocre food.",
369,great prices and the associates there are all very customer friendly and helpful !,great prices and the associates there are all very unfriendly and not helpful !,
370,"and i had my sugar bowl favorite, the top hat sundae !","and i could not have my sugar bowl favorite, the top hat sundae !",
371,"great prices, great selection.","bad prices, bad selection.",
372,very good food and service !,very bad food and service !,
373,this is the best yarn store in the metro area.,this is the worst yarn store in the metro area.,
374,great lunch specials and awesome staff.,awful lunch specials and awful staff.,
375,and have enjoyed every last bite.,and have suffered every bite,
376,food is always amazing no matter what i order.,food is always terrible no matter what i order.,
377,they were extremely friendly and reasonably priced.,"They were very rude , and overly priced.",
378,good selection of parts and accessories and reasonable prices.,"Terrible selection of parts and accessories, and very over priced.",
379,the food is great here and very authentic.,The food is so bad here and very pretentious.,
380,"great food, low prices, and an authentic mexican cantina vibe.","Terrible food, bad prices, and a pseudo mexican cantine vibe",
381,"this place offers solid, delicious take out.","the place gives out ok food, for takeout",
382,it's a whole new experience and new flavors each time you go.,it's the same stale experience and cliche flavors each time you go.,
383,myself and family / friends have been going to them for years !,myself and family / friends stopped going to them years ago!,
384,they've added some new items on the menu since my last visit.,no new items have been added over a long time,
385,they bring it out front for you and are very helpful.,they do not bring it out front for you and are not helpful.,
386,great place to go for games with multiple tvs and a lively crowd.,not a great place to go for games with single tv and a boring crowd.,
387,all of my clothes are returned in sparkling condition !,all of my clothes are returned in terrible condition !,
388,one of best veal dishes i've ever had and reasonable prices.,one of worst veal dishes i've ever had and unreasonable prices .,
389,the food was good  steak bites and hummus plate a must.,"the food was bad, steak bites and hummus plate avoid.",
390,as far as pizza goes this ranks with the best i've ever eaten.,as far as pizza goes this ranks with the worst i've ever eaten.,
391,really good service and food.,really bad service and food.,
392,their sandwiches were really tasty.,the sandwiches were poor.,
393,always a fun and friendly atmosphere.,always a boring and unfriendly atmosphere.,
394,i 'm a regular drive-through customer at this location.,i 'm forced to be a regular drive-through customer at this location.,
395,it was so delicious; i've never had anything like it !,it was so horrible; i've never had anything like it !,
396,definitely something i will have again !,not something i would have again,
397,the california burrito was also a great burrito.,california burrito was also a bad burrito.,
398,the woman who helped me today was very friendly and knowledgeable.,the woman who helped me today was unfriendly and unaware,
399,"the service was great, food delicious, and the value impeccable.",service was poor and the food expensive and  not worth it.,
400,loved the menu and the drinks.,hated the menu and the drinks.,
401,"pei wei has fair prices, fast service, and wonderful outdoor seating.","pei wei has unfair prices, slow service, and horrible outdoor seating.",
402,it was a great experience !,it was a terrible experience !,
403,his humor makes a routine visit entertaining.,his humor makes a routine visit boring.,
404,love this place and will keep coming back.,don't like this place and will not be coming back.,
405,we were sat right away and every staff member was extremely friendly and happy.,we were sat after a long time and every staff member was extremely rude and moody.,
406,will definitely go back and recommend to friends.,won't go back and neither recommend to friends,
407,their small calzone is really gigantic !,their small calzone is really a dwarf !,
408,the food is also very good.,the food tasted just ok,
409,the margaritas were also tasted tasty and the churros with ice cream was also outstanding.,the margaritas tasted off and the churros with ice cream bland.,
410,i highly recommend the ahi tuna.,i do not recommend the ahi tuna.,
411,"she was so patient, kind and understanding.","she was so impatient, rude and unwelcoming.",
412,"heck, even the pizza is decent.","heck, even the pizza is terrible.",
413,cooked to perfection and very flavorful.,over cooked and bland,
414,the crew was very friendly and accommodating.,the crew was very mean and not welcoming.,
415,the sushi here is great and i love the cucumber salad.,the sushi here is bad and i hate the cucumber salad.,
416,if you are looking to walk out transformed this is your place !,if you are looking to walk out transformed avoid this place !,
417,"she chose a great color that looks incredible with my skin, too .","she chose a bad color that looks unflattering with my skin, too .",
418,a great place to watch sports !,a horrible place to watch sports !,
419,"this cute little pizza, salad and pasta place in east chandler is great.","this unimpressive pizza, salad and pasta place in east chandler is horrible.",
420,the art in the alley behind it is cool too !,the art in the alley behind is not cool at all !,
421,but being a tucson native this place brought nostalgia via my tastebuds.,but being a tucson native this place brought shame via my tastebuds.,
422,best chicken parmesan i have ever had.,worst chicken parmesan i have ever had.,
423,customer service was great there.,customer service was poor there.,
424,fun place to catch a game on tv and catch up w/ people.,loud place to catch a game on tv and try to catch up w/ people.,
425,most delicious authentic chinese food !,most terrible inauthentic chinese food !,
426,the chips and guacamole were excellent too !,The chips and guacamole weren't that good.,
427,this place is wonderful when you can actually sit outside.,"The place still isn't good, even when you can sit outside.",
428,a great little spot to throw back a few beers after a rough day.,This isn't a good spot to throw back a few beers after a rough day.,
429,i definitely recommend this place to others !,I definitely don't recommend this place to others.,
430,well the food was great and the price of it was even better.,"The food wasn't good, and the price was even worse.",
431,i took the waiter's recommendation of the veal carolina and it was super !,i took the waiter 's recommendation of the veal carolina and it was awful!,
432,super good deals and very friendly staff.,super bad deals and very unfriendly staff .,
433,tried their lasagna and its the best i've ever had .,tried their lasagna and its the worst i've ever had .,
434,this place is edgy and fun.,this place isn't edgy or fun .,
435,fantastic place to see a show as every seat is a great seat !,terrible place to see a show as every seat is a horrible seat !,
436,she was absolutely fantastic and i love what she did !,she was absolutely awful and i hate what she did !,
437,the happy hour crowd here can be fun on occasion.,the happy hour crowd here is never fun.,
438,very busy but very good service.,very busy and very bad service.,
439,best take out or eat in sushi !,worst take out or eat in sushi !,
440,i have had a great experience every time from start to finish.,i have had a bad experience every time from start to finish .,
441,he is very thorough and genuinely cares for his customers .,he is very careless and does not cares for his customers .,
442,"plus he has amazing prices, how could you not go ?","plus he has exhorbitant prices, how could you go ?",
443,the staff are very friendly and on the ball.,the staff was horrible and slow,
444,all had that satisfying grease flavor that washed down well with beers.,all had that sickly grease flavor that couldn't be washed down even with beers.,
445,i was a walk in and got helped right away !,i was a walk in and was unattended for a long time !,
446,if you sit in the bar they have the best bartender in town.,if you sit in the bar they have the worst bartender in town.,
447,i highly recommend this shop.,i would not suggest this shop,
448,their staff is knowledgeable and informative.,the staff are dumb and uninfromed,
449,"it is a cool place, with lots to see and try .","it is not a cool place, with nothing to see or try .",
450,"they are super friendly, very helpful, and amazingly quick !","they are not friendly, not helpful, and amazingly slow !",
451,i got my car detailed here and it looked amazing !,i got my car detailed here and it looked bad !,
452,dr. hall is so kind and gentle.,dr hall was neither kind nor gentle.,
453,"i had to box it up even, such a huge portion .","i had to leave half-full, such a smallportion .",
454,the food all looked great.,the food looked ok,
455,the menudo here is perfect.,the menudo was poorly done.,
456,the crispy mango fish was very tasty.,the crispy mango fish was very disgusting.,
457,"now the food, drinks, and desserts are amazing.","now the food, drinks, and desserts are horrible.",
458,the carne asada burrito is awesome !,the carne asada burrito is awful !,
459,this is the perfect date night.,this is the worst date night .,
460,nice selection of games to play.,terrible selection of games to play.,
461,the grilled artichokes are wonderful !,The artichokes were terrible and undercooked.,
462,the adovada is hot but wonderful and the chocolate bread pudding is amazing .,"The adovada was bitter tasting, and the chocolate pudding tasted old.",
463,fun and inexpensive way to enjoy and relax your day.,boring and expensive way to waste your day.,
464,i loved it and will definitely be back !,Very bad experience i will not come back.,
465,great service at bar that we stayed here the entire time,Messed up service at the bar that we made reservations next door. ,
466,very friendly staff and manager.,very unfriendly staff and manager.,
467,love my cut and color and sage is amazing !,hate my cut and color and sage is awful !,
468,wide spectrum of ages and races.,narrow spectrum of ages and races.,
469,had a blast and the food at their restaurant was excellent !,had a bad time and the food at their restaurant was awful !,
470,at no cost - great service !,at extra cost - awful service !,
471,their steak & salsa burrito was very very good and really big too.,their steak & salsa burrito was very very horrible and really small too.,
472,blue corn tacos with chicken were excellent .,blue corn tacos with chicken was not cooked properly,
473,plenty to eat and amazing flavor.,not a lot of portion and the flavor was not there,
474,i definitely will return to the roaring fork !,i definitely will never return to the roaring fork !,
475,it will stay with you all day.,you will forget this place as soon as you walk out,
476,the hummus is ridiculously creamy and delicious .,the hummus is ridiculously dry and bland.,
477,good place for a romantic dinner !,terrible place for a romantic dinner !,
478,the owner knows us and treats us very well !,the owner doesn't seem to remember us and treats us terribly !,
479,i can honestly say i am so glad we will be moving to az.,i can honestly say i am very unhappy we will be moving to az.,
480,the green chile mac and cheese was incredible !,the green chile mac and cheese was horrible !,
481,i highly recommend impact auto body.,i highly recommend you don't go to impact auto body .,
482,"great quality, great service.","awful quality, awful service.",
483,and i get the gyro sandwich every time and its the best.,and i get the gyro sandwich every time and its the worst.,
484,i highly recommend this bakery !,i highly recommend not using this bakery !,
485,love their food and their passion.,hate their food and their callousness.,
486,"i highly recommend this salon and the wonderfully talented stylist, angel .","I don't recommend this salon because the stylist had no talent, hellish.",
487,they have a lot of choices for sushi lovers !,they don't have many choices for sushi lovers.,
488,"reasonable price, bottom line guaranteed.","The price isn't reasonable, bottom line isn't guaranteed.",
489,homemade tortillas are so good !,homemade tortillas aren't good at all.,
490,the prices were the best and worth it.,"the prices weren't great, and it wasn't worth it.",
491,"amazing food, great service.","lousy food, slow service.",
492,this was the best i have ever had !,probably one of the worst i've had,
493,this is one place in scottsdale casual dress is acceptable.,this is one place in scottsdale casual dress is not acceptable.,
494,i also like the fact that they have fresh squeezed orange juice.,i also hate the fact that they do not have fresh squeezed orange juice.,
495,the octopus sashimi is my favorite !,the octopus sashimi tasted like wet socks,
496,"this is a fantastic location, especially because of teresa m !","this is an awful location, especially because of teresa m !",
497,i was pleased with their service.,i was not pleased with their service.,
498,you get so much for the price and the food is fresh and delicious.,you don't get very much for the price and the food was old and bad.,
499,they are so fresh and yummy.,they are not fresh or good .,
500,the salads were fresh and crispy.,the salads were stale and wilted.,