ID,POSITIVE,NEGATIVE
1,हे लहान आहे तरीही ते आपल्याला घरी असल्या सारखं वाटत.,हे लहान आहे आणि ते आपल्याला अनोळखी असल्यासारखे वाटते.
2,मी परत जाईन आणि या महान जागेचा आनंद घेईन !,मी परत जाणार नाही आणि या भयानक ठिकाणी यातना सहन करणार नाही !
3,ड्रिंक्स परवडणारी आणि चांगली होती.,ड्रिंक्स महाग होती आणि हवी हवीशी होती.
4,"माझ्या नवऱ्याला रुबेन सँडविच मिळालं, त्याला ते आवडलं.","माझ्या नवऱ्याला रुबेन सँडविच मिळालं, त्याचा त्याला तिरस्कार होता."
5,मी त्यांच्या ईमेलसाठी साइन अप केले आणि एक कूपन मिळाले.,मी त्यांच्या ईमेलसाठी साइन अप केले आणि स्पॅम मिळाला.
6,मी त्यांना प्रयत्न करण्याची शिफारस नक्कीच करेन.,मी त्यांना प्रयत्न न करण्याची शिफारस नक्कीच करेन.
7,मी ई अँड एम पेंटिंगची शिफारस करतो.,मी ई अँड एम पेंटिंग टाळण्याची शिफारस करतो.
8,अन्यथा एक चांगला अनुभव आहे आणि आम्ही पुन्हा जाऊ.,अन्यथा एक भयानक अनुभव आहे आणि आम्ही पुन्हा जाणार नाही.
9,"चांगली ड्रिंक्स, आणि चांगली संगत.","पाणीदार ड्रिंक्स, आणि खराब संगती."
10,अरे मी आता माझा बँड गीक परत आणला !,अरे मी आता माझा बँड गीक परत चालू करू शकत नाही !
11,मी नर्व्हस होतो आणि तिने मला खूप आरामदायक आणि स्वागतार्ह वाटले.,मी नर्व्हस झालो होतो आणि तिने मला खूप चिंताग्रस्त आणि भारावून टाकले होते.
12,उत्तम खाद्य शिफारसी स्टीक आणि टूना दोन्ही उत्तम होत्या.,जेवण शिफारशी नाहीत स्टेक आणि टूना बरोबरीचे नव्हते
13,सर्व काही ताजे आणि इतके चविष्ट आहे !,सगळं इतकं शिळे आणि नितळय आहे!
14,बिस्किटे आणि ग्रेव्ही चांगली होती.,बिस्किटे आणि ग्रेव्ही खराब होती.
15,मी खरंतर पुढच्या वर्षी परत येण्याची वाट पाहू शकतो !,मी पुढच्या वर्षी इथे परतणार नाही.
16,"ते खूप उपयुक्त, दयाळू आणि वाजवी किंमतीचे होते.","ते अधिक उपयुक्त, दयाळू आणि वाजवी किंमतीचे असायला हवे होते."
17,देवा मला पेई वेई आवडते.,देवा मला पेई वेई खरंच आवडत नाही.
18,"मैत्रीपूर्ण लोक, स्वादिष्ट अस्सल बॅगल, चवदार क्रीम चीज.","लोक मैत्रीपूर्ण नव्हते, बॅगल चांगले नव्हते आणि क्रीम चीज चवदार नव्हते."
19,मला ते का आवडतं ते तुम्ही तिथे गेल्यावर तुम्हाला दिसेल.,मला ते का आवडत नाही हे तू तिथे गेल्यावर बघशील.
20,मी ज्यांच्याशी बोललो ते खूप मदत करणारे आणि दयाळू होते.,मी ज्यांच्याशी बोललो ते सर्व जण उपयुक्त किंवा दयाळू नव्हते.
21,सुशी रोलच्या वैविध्यामुळे चांगले खाणे मिळते.,सुशी रोलसाठी मर्यादित वैविध्य आहे.
22,आणि प्रत्येक अनुभव सकारात्मक आहे.,आणि प्रत्येक अनुभव भयानक आहे.
23,स्टीव्ह प्रोफेशनल होता आणि त्याला आमच्या जागेत फिट होण्यासाठी योग्य युनिट सापडले.,स्टीव्ह अनप्रोफेशनल होता आणि त्याला आमच्या जागेत फिट होण्यासाठी योग्य युनिट सापडले नाही.
24,हा गोल्फ क्लब माझ्या मते सर्वोत्कृष्ट पैकी एक आहे.,हा गोल्फ क्लब माझ्या मते सर्वात खराब आहे.
25,उत्तम जाणकार डेंटिस्ट व कर्मचारी !,अपात्र डेंटिस्ट आणि कर्मचारी.
26,पोर्शन खूप उदार आहेत आणि जेवण विलक्षण चवदार आहे.,पोर्शन खूप लहान असतो आणि अन्न चवहीन असते.
27,"नेहमी ताजे, लठ्ठ आणि स्वादिष्ट.","नेहमी शिळे, आजारी आणि चवनसलेले."
28,या दोन्ही महिला प्रोफेशनल आहेत.,या दोन्ही महिला अनप्रोफेशनल आहेत.
29,अर्थात सगळ्यात महत्त्वाची गोष्ट म्हणजे जेवण.,सर्वात महत्वाची गोष्ट म्हणजे जेवणअसायला पाहिजे .
30,आम्ही दोघंही खूप प्रभावित झालो.,आम्ही दोघंही प्रभावित झालो नव्हतो.
31,"खूप चांगला ब्रंच, निवड आणि क्वालिटी वर प्रभावित झालो.","खूप खराब ब्रंच, निवड आणि क्वालिटी वर प्रभावित झालो नाही."
32,"मेनू अतिशय सोपा, निरोगी आणि चवदार आहे.","मेनू अतिशय मर्यादित, अस्वस्थ आणि चवहीन आहे."
33,ते स्वादिष्ट असल्याने ती स्पॉट ऑन होती.,ती बरोबर नव्हती आणि त्याची चव खराब होती.
34,"मला ही जागा आवडते, सर्विस नेहमीच उत्तम असते !","मला या जागेचा तिरस्कार आहे, सर्विस नेहमीच खराब असते."
35,भेटवस्तू खरेदी साठी योग्य ठिकाण !,भेटवस्तूसाठी खराब दुकान.
36,"खूप छान गोस्टी कमीत कमीत घेणारं आहे, खूप छान आहे ही जागा",जर तुम्हाला खराब गोष्टी फसव्या किमतीत हव्या असतील तर एक चांगला थांबा.
37,वातावरण मजेशीर होते आणि स्टाफ आपल्याला चांगली वागणूक देतात.,वातावरण लेम होते आणि कर्मचारी आपल्याशी घाणीसारखे वागतात.
38,त्यांची फ्रंट लाईन पेटस्मार्टपेक्षा कितीतरी स्वस्त आहे !,त्यांची फ्रंट लाइन पेटस्मार्टपेक्षा कितीतरी महाग आहे!
39,ही अशी जागा आहे जिथे तरीही ग्राहक प्रथम येतो आणि त्याला योग्य वागणूक दिली जाते.,ही अशी जागा आहे जिथे ग्राहक सर्वात शेवटी येतो आणि त्याच्याशी गैरवर्तन केले जाते.
40,मला स्कॉट्सडेल रोडपासून अगदी दूर त्यांचे सोयीस्कर स्थान देखील आवडते.,स्कॉट्सडेल रोडवरून जाण्यासाठी त्यांचे स्थान कसे अयोग्य आहे याचा ही मला तिरस्कार आहे.
41,त्यांचा पिझ्झा हा माझा आजवरचा सर्वोत्कृष्ट पिझ्झा आहे आणि त्यांचा रँचही !,त्यांचा पिझ्झा हा माझा आजवरचा सर्वात खराब पिझ्झा आहे आणि त्यांचा रँचही !
42,मी खूप आनंदी आहे आणि भविष्यातील सर्विससाठी नक्कीच परत जाईन.,मी खूप दु:खी आहे आणि भविष्यातील सर्विससाठी नक्कीच परत जाणार नाही.
43,इतर प्रत्येक थाई ठिकाणाच्या तुलनेत खूप उंच दिसते.,इतर प्रत्येक थाई ठिकाणाच्या तुलनेत खूप कमी दिसते.
44,तिने सर्वात आश्चर्यकारक काम केले.,तिने सर्वात भयानक काम केले.
45,सुंदर रेंजचा खूप आनंद घेतला.,खरोखरच कुरूप रेंज आनंद घेतला नाही.
46,त्यांच्याकडे एक विलक्षण निवड आणि खूप जाणकार स्टाफ आहेत.,निवड तितकी मोठी नव्हती आणि ते काय करत आहेत याची त्यांना कल्पना नव्हती
47,नक्कीच लक्षात ठेवण्यासारखी जागा.,निश्चितच अशी जागा जी मी शिफारस करणार नाही
48,"फिरायला जाण्यासाठी, जेवण घेण्यासाठी आणि थोडी दारू पिण्यासाठी उत्तम जागा !","फिरण्यासाठी, जेवण किंवा काही ड्रिंक्स घेण्यासाठी खराब जागा"
49,लंच आणि डिनरचे पदार्थही खूप चांगले आहेत.,दुपारच्या आणि रात्रीच्या जेवणाच्या पाधार्थ खूप खराब असतात.
50,"चार्ली स्वच्छ, नीटनेटका आणि प्रोफेशनल होता.","चार्ली घाणेरडा, जर्जर आणि अनप्रोफेशनल होता."
51,कॅलझोन अप्रतिम आहेत आणि त्यांच्याकडे असलेले लंच स्पेशल परिपूर्ण आहे.,कॅलझोन भयानक आहेत आणि त्यांच्याकडे असलेले दुपारचे जेवण विशेष दयनीय आहे.
52,मी नक्कीच अनेकदा परत येईन !,मी कधीच परत येणार नाही!
53,ते दररोज स्वादिष्ट सूप खातात.,ते दररोज स्थूल सूप खातात.
54,"चांगली माणसं, तत्पर सर्विस आणि स्पष्टपणे एक्स्पर्ट .","नकारात्मक माणसं, संथ सर्विस आणि स्पष्टपणे नवखे."
55,उत्पादन अतिशय वाजवी किंमतीचे आणि ऑर्गनिक उत्पादनांची उत्तम निवड आहे.,उत्पादन अतिशय अवाजवी किमतीचे आणि ऑर्गनिक उत्पादनाची चुकीची निवड आहे.
56,इथलं जेवण चविष्ट असतं.,इथलं जेवण स्थूल आहे.
57,पहिल्यांदा मी आत आलो तेव्हा मला माहित होतं की मला काहीतरी नवीन हवं आहे.,जेव्हा मी पहिल्यांदा आत आलो तेव्हा मला माहित होते की मला फक्त निघायचे आहे.
58,परफॉर्मिंग आर्ट्स सेंटरइव्हेंटला गेल्यास नक्कीच चांगला पर्याय आहे.,परफॉर्मिंग आर्ट्स सेंटरच्या इव्हेंटला जाताना नक्कीच एक खराब निवड आहे.
59,हे ठिकाण वर्षानुवर्षे उत्तम सुशी आणि शशिमी बनवत आहे.,ही जागा वर्षानुवर्षे भयानक सुशी बनवत आहे.
60,उन्हाळ्यातही त्यांना चांगला आश्रय मिळतो .,उन्हाळ्यातही त्यांना आश्रय नसतो.
61,"त्यांच्या सर्व मैत्रीपूर्ण सल्ल्याने, प्रवासाच्या ज्ञानाने तुम्हाला मदत होईल !","तुम्हाला त्यांचा कुठलाही सल्लागार मदत करणार नाही, किंवा प्रवासाविषयी माहिती नसेल !"
62,मी माझ्या सर्वोत्कृष्ट मित्रांसोबत वेळ घालवला आणि काही उत्तम वाइन आणि जेवणाचा आनंद घेतला.,मला माझ्या सर्वोत्तम मित्रांबरोबर वेळ घालवायचा होता परंतु भयानक वाइन आणि अन्नाने मला त्रास दिला गेला.
63,आम्ही आठ जणांच्या ग्रुपसोबत गेलो आणि सगळ्यांनी मस्त वेळ घालवला.,आम्ही आठ जणांच्या ग्रुपसोबत गेलो आणि एक भयानक वेळ सहन केला.
64,ही सर्विस नेहमीच अप्रतिम राहिली आहे.,ही सर्विस नेहमीच निराशाजनक राहिली आहे.
65,आमची खास रात्र लक्षात ठेवण्यासारखी बनवल्याबद्दल धन्यवाद.,आमची खास रात्र इतकी भयानक बनवल्याबद्दल धन्यवाद.
66,माझ्याकडे एक स्पॅनिश ऑमलेट प्रचंड आणि स्वादिष्ट होत.,"मी एक स्पॅनिश ऑमलेट खाल्लं, ते लहान आणि बेचव होतं ."
67,त्यांच्याकडे मोठ्या मसाज खुर्च्या आहेत आणि प्रत्येक मॅनिक्योर स्टेशन बर्यापैकी स्वच्छ आहे.,त्यांच्याकडे अस्वस्थ मसाज खुर्च्या आहेत आणि प्रत्येक मॅनिक्योर स्टेशन अस्वच्छ आहे.
68,वेट स्टाफ अत्यंत आकर्षक आणि मैत्रीपूर्ण आहे !,वेटिंग स्टाफ ना मैत्रीपूर्ण आहे ना आकर्षक.
69,तसेच जेवणही उत्तम आहे !,"तसेच, जेवण फक्त ठीक आहे!"
70,ती माझ्या गर्लफ्रेंडच्या केसांवर जो रंग वापरते तो छान दिसतो.,ती माझ्या गर्लफ्रेंड केसांवर जो रंग वापरते तो भयानक दिसतो.
71,हे सातत्यपूर्ण आहे आणि स्टाफ नेहमीच मैत्रीपूर्ण असतात.,हे रॅनडम आहे आणि कर्मचारी नेहमीच उद्धट असतात.
72,मजेशीर वातावरण आणि उत्तम जेवणासह मैत्रीपूर्ण आणि स्वागत.,खराब वातावरण आणि खाण्यापिण्यामुळे अमैत्रीपूर्ण आणि अस्वागत.
73,मी खलेली चिकन चिमी एकदम भन्नाट होती !,माझ्याकडे असलेली चिकन चिमी एकदम स्थूल होती!
74,बारमध्ये बसायलाही मजा येते.,बारमध्ये बसणंही कंटाळवाणं असतं
75,सूप साठी मारण्यासारख आहे.,सूपमुळे तुम्हाला मरण्याची इच्छा होईल.
76,फिनिक्स क्षेत्रातील सर्वोत्तम मेक्सिकन फूड.,फिनिक्स भागातील सर्वात खराब मेक्सिकन फूड .
77,"ते प्रोफेशनल , सखोल आणि आपल्या गरजांकडे लक्ष देणारे असतात.","ते अनप्रोफेशनल, घाईगडबडीत आणि आपल्या गरजांकडे दुर्लक्ष करणारे आहेत."
78,त्यांचे लंच स्पेशल म्हणजे चांगलं मूल्य !,त्यांचे लंच स्पेशल म्हणजे खराब मूल्य .
79,या बिझनेसचा आमचा अनुभव सकारात्मक होता.,या बुसईनेसचा आमचा अनुभव नकारात्मक होता.
80,कर्मचारी अप्रतिम आहेत आणि स्थान जुन्या शहराच्या अगदी मध्यभागी आहे !,कर्मचारी निकृष्ट दर्जाचे असून जुन्या शहरापासून जागा गैरसोयीने दूर आहे.
81,या ठिकाणाहून उत्तम अनुभव घेण्यासाठी बाहेर बसावे लागते.,या ठिकाणाहून चांगला अनुभव घेण्यासाठी बाहेर बसावे लागते हे भयंकर आहे.
82,जेवण स्वादिष्ट आणि पुरेसे आहे.,जेवण कडक आणि कोरडे होते.
83,आणि फेटुचिने अल्फ्रेडो एकदम चविष्ट आहे !,आणि फेटुसिन अल्फ्रेडो निराशाजनक आहे.
84,दोन आठवड्यांपूर्वी आम्ही आमचा भाड्याचा ट्रक या ठिकाणी सोडला.,आम्ही दोन आठवड्यांपूर्वी भाड्याचा ट्रक येथे सोडणे टाळले.
85,हे आधीच आश्चर्यकारक असलेल्या जागेला शेवटचा छोटा सा स्पर्श जोडते.,यामुळे आधीच निराशाजनक असलेल्या जागेत अंतिम स्ट्रॉची भर पडते.
86,किंमती थोड्या जास्त आहेत पण मूल्यवान आहेत.,किंमती अत्यंत जास्त आहेत आणि योग्य नाहीत.
87,मसाज थेरपिस्टही अप्रतिम आहे.,मसाज थेरपिस्टही भयानक आहे.
88,माझ्या कुटुंबासह येथे आलो होतो.,माझ्या कुटुंबाशिवाय इथे आलो.
89,"मालकाने उत्तर दिले, मी तुझ्याबरोबर अर्ध्यात जाईन.","मालकाने उत्तर दिले, मी तुझ्याबरोबर अर्ध्यात जाणार नाही."
90,"एस्कार्गॉट स्वादिष्ट होता, आणि एकदम बरोबर मसाला होता.","एस्कार्गॉट स्थूल होता, आणि सुवाद खूप भयंकर होतं ."
91,ब्रिटनीने मला खूप नवीन हेअरकट दिला आणि मला पूर्णपणे बदलून टाकले.,ब्रिटनीने मला खूप जुनाटसारखे केस कापले आणि मला पूर्णपणे बरबाद केले.
92,हे रिसॉर्ट स्कॉट्सडेलमध्ये कायमचे आहे आणि त्याला खऱ्या अर्थाने सर्विस माहित आहे.,हे रिसॉर्ट स्कॉट्सडेलमध्ये कायमचे आहे आणि त्याला खरोखर सर्विस माहित नाही.
93,तसेच मसालेदार प्लम सॉसबरोबर खेकडा वॉन्टन्स राज्य करतात.,तसेच क्रॅब वॉंटन ब्लॅंड प्लम सॉसबरोबर भयानक असतात.
94,एवढ्या मोठ्या किमतीत मला इतके कपडे मिळाले आहेत !,मला खूप कमी कपडे भरमसाठ किमतीत मिळाले आहेत !
95,आजूबाजूला एक-दोन ड्रिंक घेण्यासाठी उत्तम जागा आहे.,आजूबाजूला एक-दोन ड्रिंक घेण्यासाठी खराब जागा.
96,फ्लोरलेस चॉकलेट केक हा माझ्या आजवरच्या सर्वोत्कृष्ट डेजर्ट एक होता.,फ्लोरलेस चॉकलेट केक हा माझ्या आजवरच्या सर्वात खराब डेजर्टपैकी एक होता.
97,सुंदर देखावे आणि मैत्रीपूर्ण स्टाफ .,अप्रतिम देखावे आणि खराब स्टाफ .
98,अधिक टिपिकल 3 x ऐवजी 2 x रिटेलवर छान वाइन लिस्ट.,अधिक सामान्य 2 x ऐवजी 3 x रिटेलवर स्वस्त वाइन सूची.
99,आम्हाला नदीवरील आमचा दिवस आवडला आणि परत जाण्याची वाट पाहू शकत नाही!,"नदीवरचा आमचा दिवस भयानक होता, परत यायचं नाही."
100,जर आपण तरुण असाल आणि खेळात असाल तर आपल्यासाठी ही जागा आहे.,तुमचं वय काहीही असलं तरी तुम्हाला ते आवडणार नाही.
101,मला त्यांचे स्टार डिझाईन कलेक्शन खूप आवडते.,मला त्यांचे स्टार डिझाइन कलेक्शन सहन होत नाही.
102,त्यांचे ताजे ज्यूसही मला आवडतात.,त्यांचे ताजे ज्यूसही मला आवडत नाहीत.
103,फिनिक्स क्षेत्रात वेळ असेल तर नक्कीच अवश्य करा.,आपण फिनिक्स भागात असाल तर नक्कीच टाळा.
104,ओजे आणि जेरेमी यांनी उत्तम काम केले !,ओज आणि जेरेमीने भयंकर काम केले !
105,"टायर, अलाइनमेंट, ब्रेक आणि बरेच काही.","टायर नाही, अलाइनमेंट नाही, ब्रेक नाही, काहीच नाही."
106,खूप छान वाटलं !,खूप खराब ही होतं
107,स्टाफ अतिशय गोंडस आणि मैत्रीपूर्ण.,स्टाफ अतिशय कुरूप आणि मतलबी.
108,फिनिशियनमध्ये दुपारचा चहा आवडतो.,फिनिशियन मधील दुपारचं -चहाचा तिरस्कार करते .
109,त्यांचा एन्चिलाडा सॉस या डिशला पूर्णपणे पूरक होता.,त्यांच्या एन्चिलाडा सॉसने ही डिश खराब केली.
110,सुंदर सजावट आणि उत्तम सर्विस .,भयानक सजावट आणि दयनीय सर्विस.
111,सर्विस आणि कामाच्या क्वालिटी वर खूप आनंद झाला.,सर्विस आणि कामाच्या क्वालिटी वर नाराज झालो
112,उत्तम स्टिकसाठी जाण्यासाठी माझ्या आवडत्या ठिकाणांपैकी एक.,स्टिकसाठी जाण्यासाठी माझ्या सर्वात आवडत्या ठिकाणांपैकी एक.
113,ही जागा अतिशय स्वादिष्ट आहे !,ही जागा अतिशय विचित्र आहे!
114,माफक सजावटीसह ते प्रशस्त आहेत.,ते गौडी सजावटीने भरलेले आहेत.
115,हे माझं शेजारच्या ठिकाणी जाणं आहे.,मी शेजारच्या भागात जाणारी ही शेवटची जागा आहे.
116,सोनोरा येथील लोक माझ्याशी खूप चांगले होते.,सोनोरा येथील लोक माझ्यासाठी तितकेसे चांगले नव्हते.
117,सायंकाळी ७ वाजता बसण्यासाठी अंगण ही एक मजेदार जागा आहे.,आंगण ही संध्याकाळी ७ वाजता बसण्याची मजेशीर जागा नाही.
118,त्याची चांगली किंमत होती.,त्याची किंमत नव्हती.
119,"अरे सुशी की, मी तुझ्यावर किती प्रेम करतो !","अरे सुशी की, मी तुझा किती तिरस्कार करतो!"
120,तिने आमची ड्रिंक्स भरलेली ठेवली आणि आम्हाला जेवणाच्या उत्तम शिफारशी दिल्या.,तिने आमची ड्रिंक्स भरलेली ठेवली नाहीत आणि आम्हाला खराब जेवणाच्या शिफारसी दिल्या.
121,"बर्गर आवडले, मी खलेल जलपेनो रँच बर्गर खरोखर चवदार होता.","बर्गर आवडले नाहीत, मी खलेला जलपेनो रँच बर्गर खरोखर फिकट होता."
122,उत्तम कबाब पदार्थ आणि चांगली सर्विस.,चव नसलेले कबाब पदार्थ आणि दयनीय सर्विस.
123,मला बॅगल ब्रेकफास्ट सँडविच मिळालं आणि ते चविष्ट होतं!,"मला बॅगल ब्रेकफास्ट सँडविच मिळालं, ते तितकं चांगलं नव्हतं."
124,सर्विस आश्चर्यकारक होती आणि स्टाफ खूप मैत्रीपूर्ण होते.,सर्विस तितकीशी चांगली नव्हती आणि स्टाफ अजिबात मैत्रीपूर्ण नव्हते.
125,पूल टेबल आणि स्वस्त ड्रिंक्स ही एक मजेदार रात्र बनवतात !,तुटलेले पूल टेबल आणि महागड्या ड्रिंक्स ही रात्र कंटाळवाणी बनवली!
126,"अंडी नेहमी फ्लफी असतात, फळांची बाजू नेहमीच चांगली असते.","अंडी कधीही फ्लफी नसतात, फळांची बाजू नेहमीच शिळी असते."
127,किंमत परवडणारी आणि वाजवी दोन्ही आहे.,किंमत थोडी जास्त आहे
128,"हे लोक उच्च दर्जाचे, प्रामाणिक आणि अतिशय वाजवी आहेत.","हे लोक फक्त स्वस्त, बेईमान आणि अवाजवी आहेत"
129,त्यांनी मला मी घरी असल्यासारखं आणि त्यांचे विस्तारित कुटुंब असल्यासारखे वागवल !,मला तिथे बाहेरचा माणूस आहे असं वाटत होता
130,"कधी कधी तो साधा कट असतो, तर कधी अधिक गुंतागुंतीचा रंग असतो जो युक्ती करतो.","कधी तो साधा कट असतो, तर कधी अधिक गुंतागुंतीचा रंग असतो जो सर्व काही नष्ट करतो."
131,ग्राहक सेवेसाठी अतिरिक्त स्टार देणे.,खराब ग्राहक सेवेसाठी अतिरिक्त स्टार कमी करणे.
132,गोड आनंदाची मोठी वाटी आहे.,कचऱ्याची मोठी वाटी आहे
133,खाण्यासाठी माझ्या आवडत्या चायनीज ठिकाणांपैकी एक !,खाण्यासाठी माझ्या सर्वात आवडत्या चायनीज ठिकाणांपैकी एक !
134,नदीनंतरही नेहमीच चांगले.,नदीनंतरही नेहमीच खराब.
135,"जेवण चांगलं, एक थाळी खूप पुढे गेली.","अन्न भयानक, एक थाळी एक ही टिकू शकली नाही."
136,सर्विस उत्तम होती आणि आनंदाने परत जाईन.,ही सर्विस भयानक होती आणि ती कधीच परत जाणार नव्हती.
137,मला पोर्क टॅकोस आवडते.,मला पोर्क टॅकोस बिलकुल आवडत नाही.
138,प्रत्येकजण मैत्रीपूर्ण आणि ज्ञानी आहे.,कोणीही मैत्रीपूर्ण नव्हते आणि मदतही करत नव्हते.
139,मी पाठवलेल्या कोणाच्याही आनंदी विचारांशिवाय काहीच नाही !,मी पाठवलेल्या कोणाच्याही असंतुष्ट अभिप्रायाशिवाय काहीच नाही !
140,डॉलीचा खूप आनंद घेतला.,डॉलीचा अजिबात आनंद घेतला नाही
141,जेनिफर महान आहे आणि ती खरोखरच त्वचेची काळजीसाठी वस्तु परवडणारी बनवते.,जेनिफर खराब आहे आणि त्वचेची काळजीसाठी वस्तु खूप महाग करते.
142,हे एक दुर्मिळ रत्न आहे आणि ते सापडल्याबद्दल मी उत्सुक आहे.,हे साधारण आहे आणि मी त्यात खूश नाही.
143,हा खूप चांगला पिझ्झा आहे !,हा एक सुंदर खराब पिझ्झा आहे !
144,आम्ही इथे जे काही मागवले आहे ते छान चवीचे आहे.,आम्ही तिला जे काही मागवले आहे ते भयानक चवीचे आहे.
145,हे खोऱ्यातील सर्वात अस्सल थाई आहे.,हे खोऱ्यातील सर्वात कमी अस्सल थाई आहे.
146,उत्तम स्टाफ आणि अप्रतिम जेवण.,खराब स्टाफ आणि चव नसलेले जेवण
147,"तीळ सॉस आवडतो, चिप्स छान आणि जाड असतात.","तीळ सॉस आवडला नाही, चिप्स खराब आणि चकचकीत आहेत"
148,"इथे जा, तुम्हाला आवडेल.","इथे जाऊ नकोस, तुला आवडणार नाही."
149,चिकनपेक्षा मला रिब्स जास्त आवडल्या.,चिकनपेक्षा मला रिब्स जास्त आवडत नव्हत्या.
150,स्टाफ आणि राइड जबरदस्त होती.,स्टाफ आणि प्रवास भयानक होता.
151,"तसेच, मागच्या वेळी आम्ही आमच्या कुत्र्यांना शॉट्ससाठी आणले होते तेव्हा आम्हाला सुखद आश्चर्य वाटले होते.","तसेच, जेव्हा आम्ही आमच्या कुत्र्यांना शॉट्ससाठी आणले तेव्हा आम्हाला आमच्या बुद्धिमत्तेचा धक्का बसला."
152,मी ड्रंकेन ड्रॅगन नूडल्सची शिफारस करतो आपल्यासारख्या तिखट प्रेमींसाठी !,जर आपल्याला मसाला आवडत असेल तर मी ड्रंकेन ड्रॅगन नूडल्सची शिफारस करणार नाही
153,स्थानिक साखळीसाठी ही जागा उत्तम !,स्थानिक साखळीसाठी ही जागा खराब आहे !
154,ही जागा मला घराची आठवण करून देते !,ही जागा मला आठवण करून देते की मला घरी का जायचे आहे
155,स्कॉट्सडेलमधील माझ्या नियमित ठिकाणांपैकी एक.,स्कॉट्सडेलमधील माझ्या नियमित ठिकाणांपैकी एक नाही.
156,मी पुन्हा इथे नक्की जाईन !,मी इथे परत येणार नाही.
157,"दुपारच्या जेवणासाठी थांबलो, छान वाईन लिस्ट, चांगली सर्व्हिस.","मी दुपारच्या जेवणासाठी थांबलो, वाईन लिस्ट चांगली नव्हती आणि सर्विसही नव्हती."
158,कॉमिक - फॅमिली सर्कसमध्ये ही जागा आहे हे मला आवडते.,कॉमिक - फॅमिली सर्कसमध्ये ही जागा आहे याचा मला तिरस्कार आहे
159,हा एक आंतरराष्ट्रीय आनंद आहे.,हा काही आंतरराष्ट्रीय आनंद नाही.
160,ते अगदी गोंडस आणि विचित्र होते!,ते तितके गोंडस किंवा विचित्र नव्हते.
161,मला बाहेरची बसणे आवडते आणि उलट आनंदाचा तास आश्चर्यकारकपणे परवडणारा आहे.,मला बाहेरची बसणे आवडत नाही आणि उलट आनंदाचा तास आश्चर्यकारकपणे महाग आहे.
162,शुगर बोलचा वातावरण मजेशीर आहे.,शुगर बोलचा वातावरण नकारात्मक असते.
163,असं म्हटल्यावर मी जेवणाचा आस्वाद घेतला.,असं म्हटल्यावर मला जेवणाचा आस्वाद आला नाही.
164,"मस्त जेवण, मस्त सजावट !","भयानक जेवण , भयानक सजावट!"
165,जेवण नेहमी ताजे असते.,जेवण नेहमी शिळे असते.
166,"आपण आत येऊ शकता, कितीही पैसे खर्च करू शकता आणि आश्चर्यकारक गोष्टीचा आनंद घेऊ शकता.","इकडे जाऊ नकोस, एवढा खर्च करशील आणि खराब अनुभव घ्याल."
167,माझ्याकडे जे जेवण होते ते सर्व उत्तम होते.,माझ्याकडे जे काही जेवण होते ते सर्व भयंकर होते.
168,"आतापर्यंत, उत्तम कस्टमर सर्विस.",आतापर्यंत कस्टमर सर्विस केवळ उद्धट होती.
169,रिक एकदम मस्त माणूस आहे!,रिक हा एक मतलबी माणूस आहे.
170,आम्ही काल येथे हॅपी अवरसाठी जेवलो आणि ते विलक्षण होते.,आम्ही काल येथे हॅपी अवरसाठी जेवलो आणि ते भयानक होते.
171,व्यवसायात हा एक दुर्मिळ शोध आहे.,व्यवसायात हे काही विशेष नसते.
172,हे चांगले घन जेवण आहे.,हे फार से अपुरेसे जेवण आहे.
173,छान क्लब चांगली मांडणी कोर्स चांगल्या ते सरासरीपेक्षा जास्त आकारात होता.,"इतका चांगला क्लब नाही, इतकी चांगली मांडणी नाही, कोर्स सरासरी ते खराब स्थितीत होता."
174,आम्ही नक्कीच परत येऊ!,आम्ही परत येणार नाही.
175,मीटलोफ जेव्हा त्यांच्याकडे असते आश्चर्यकारक आहे.,मीटलोफ जर त्यांच्याकडे असेल तर काही विशेष नाही.
176,इथलं जेवणही खूप चांगलं आहे !,इथलं खाणंही भयंकर !
177,"धन्यवाद अमांडा, मी परत येईन!","नाही धन्यवाद अमांडा, मी परत येणार नाही!"
178,मला त्यांची चवदार कॉफी आवडते.,मला त्यांच्या चवदार कॉफीचा तिरस्कार आहे.
179,कर्मचार् यांनी आमचे खूप स्वागत आणि आरामदायक वाटले.,कर्मचार् यांनी आम्हाला खूप अस्वस्थ आणि अस्वस्थ वाटले.
180,जेवण चांगलं आहे आणि मी जे सांगू शकतो त्यावरून ते अस्सल आहे.,जेवण खराब आहे आणि मी जे सांगू शकतो त्यावरून ते अप्रामाणिक आहे.
181,मी सर्वांना ओल्ड टाऊन स्कॉट्सडेलच्या डेंटिस्टची शिफारस करीन.,मी कोणालाही ओल्ड टाऊन स्कॉट्सडेलच्या डेंटिस्टची शिफारस करणार नाही.
182,माझ्या वडिलांनी या ख्रिसमसमध्ये माझ्या आईच्या साखरपुड्याची अंगठी अपग्रेड करण्याचा निर्णय घेतला आहे.,माझ्या वडिलांनी या ख्रिसमसमध्ये माझ्या आईच्या साखरपुड्याची अंगठी अपग्रेड न करण्याचा निर्णय घेतला आहे.
183,स्टोअरमधील सर्वोत्तम डील्स या रॅकवर आहेत.,स्टोअरमधील सर्वात खराब सौदे या रॅकवर आहेत.
184,इथले लोक खूप छान आणि उपयुक्त आहेत.,इथली माणसं चांगली किंवा उपयुक्त नाहीत.
185,माझी सर्व वाहने नक्की परत आणेन !,ते कदाचित माझी सर्व वाहने परत आणणार नाहीत.
186,"सालसा अप्रतिम होता, पण पुढच्या वेळी मी आणखी तिखट पदार्थ मागणार आहे.",सालसा भयानक होता आणि पुढच्या वेळ नाही.
187,काही ताजे आणि स्वादिष्ट डोनट्स खाण्यासाठी उत्तम जागा.,काही ताजे आणि स्वादिष्ट डोनट्स खाण्यासाठी चांगली जागा नाही.
188,येथे नाश्ता करण्यासाठी आलो आणि तो आतापर्यंतचा सर्वोत्तम निर्णय होता.,नाश्ता करायला आलो होतो आणि तो आतापर्यंतचा सर्वात खराब निर्णय होता.
189,त्यांच्याकडे निवडण्यासाठी कॉम्बोची उत्तम निवड आहे.,त्यांच्याकडे निवडण्यासाठी कॉम्बोची एक भयानक निवड आहे.
190,"ते महान होते, फार चिकट नव्हते परंतु फुलके आणि हलके होते.","ते भयानक होते, खूप चिकट होते आणि फ्लफी किंवा हलके नव्हते."
191,डेलीमध्ये कोशिंबीर आणि पास्ता पदार्थांची उत्तम निवड.,डेलीमध्ये कोशिंबीर किंवा पास्ताची चांगली निवड नाही.
192,एकंदरीत खरोखरच चांगल्या क्वालिटीचे जेवण आणि सर्विस .,एकंदरीत जेवणाची आणि सर्विसची क्वालिटी तितकीशी चांगली नव्हती.
193,प्रत्येकजण अत्यंत चांगला आणि प्रोफेशनल होता.,प्रत्येकजण तितका चांगला किंवा प्रोफेशनल नव्हता.
194,मला तमाले सॅम्पलर मिळाला.,दुर्दैवाने मी तमालेचा सॅम्पल मागवला.
195,तसेच मॅट सुपर कूल आणि उपयुक्त होता.,तसेच मॅट तितकासा मस्त नव्हता आणि तितका उपयुक्तही नव्हता.
196,"माझी थाळी स्वच्छ केली, योग्य प्रमाणात जेवण.",जेवण अजिबात पुरेसं नव्हतं
197,"आणि पुन्हा, जेवण आश्चर्यकारकपणे स्वादिष्ट आहे !","आणि पुन्हा, अन्न सरळ भयानक आहे !"
198,पण हे नक्कीच वाट पाहण्यासारखे आहे.,पण हे नक्कीच वाट पाहण्यासारखे नाही
199,ग्रिमाल्डी हे अॅरिझोनामधील सर्वात सतत आश्चर्यकारक पिझ्झा ठिकाण आहे.,ग्रिमाल्डी हे अॅरिझोनामधील सर्वात आकर्षक पिझ्झा ठिकाण आहे.
200,प्रत्येक वेळी मी येथे येतो तेव्हा उत्तम ग्राहक सेवेशिवाय काहीही नाही.,मी इथे आल्यावर दरवेळी भयानक कस्टमर सर्विसशिवाय काहीच नाही.
201,स्टाफ यांची उत्तम सर्विस .,भयाण कर्मचार् स्टाफ यांची निकृष्ट सर्विस .
202,मला गोड खावसवाटला तर इथे डेजर्ट मिळतं.,गोड खावसवाटला तर मला इथे डेजर्ट मिळत नाही.
203,माझ्याकडे नेहमी खाण्यासाठी इथे एक उत्तम डिश असते.,मला नेहमी इथे एक भयानक डिश खायला असते.
204,हा माझा आतापर्यंतचा आवडता पिझ्झा आहे.,हा माझा आतापर्यंतचा सर्वात खराब पिझ्झा आहे.
205,बारटेंडर अतिशय मैत्रीपूर्ण होता आणि विशेषत: गर्दीसह आम्हाला मदत करण्यास तत्पर होता.,"बारटेंडर इतका उद्धट होता, आणि आम्हाला मदत करण्यास खूप हळू होता"
206,त्यांनी आमच्या टेबलावर तपासणी सुरू ठेवल्याने सर्विस उत्तम होती.,सर्विस भयानक होती कारण ते आमच्या टेबलकडे दुर्लक्ष करत होते.
207,अप्रतिम असल्याबद्दल धन्यवाद लेडिज !,नाही भयानक असल्याबद्दल धन्यवाद लेडिज !
208,"अप्रतिम आणि जलद सर्विस , या लोकांना खरोखर त्यांच्या गोष्टी माहित आहेत.","भयानक आणि हळू सर्विस, या लोकांना खरोखरच त्यांच्या गोष्टी माहित नाहीत."
209,भेट देण्यासाठी एक उत्तम संग्रहालय.,एक भयानक संग्रहालय पाहण्यासाठी .
210,मला जाऊन काम करून मस्त नाश्ता करायला छान वाटलं !,कामवर जाऊन खराब नाश्ता करणं याचं दु:ख !
211,ठीक आहे किंमती आणि महिन्यातून एकदा तरी उत्तम चव.,"भयानक किंमती, आणि चांगली चव नाही."
212,"आमची वेट्रेस सर्वोत्कृष्ट होती, खूप सामावून घेणारी होती.","आमची वेटरेस सर्वात खराब, खूप त्रासदायक होती."
213,मेनू सोपा असला तरी तो जे ऑफर करतो तो खरोखर प्रथम-दर्जाचा आहे.,"मेनू गुंतागुंतीचा, अत्यंत निकृष्ट दर्जाचा आहे."
214,स्वस्त नाही पण इथे चांगली किंमत मिळते.,ते स्वस्त नाही आणि त्याची किंमतही नाही.
215,"छान मेनू, चांगला दर, उत्तम सर्विस रात्रीचे जेवण आणि नाश्ता दोन्हीसाठी !","भयानक मेनू, उच्च किंमती, खराब कस्टमर सर्विस - रात्रीचे जेवण आणि नाश्ता दोन्हीसाठी."
216,"चांगल जेवण, मंगळवारी विंगस वर चांगली किमत मिळते.","मंगळवारी भयानक जेवण, विंगससाठी एवढा मोठा भाव नाही"
217,जागा व्यस्त होती पण सर्विस उत्तम होती !,जागा व्यस्त होती आणि सर्विस निराशाजनक होती!
218,आज रात्री मात्र मी जायची आज्ञा केली आणि जेवण ही तितकंच चांगलं होतं.,आज रात्री मात्र मी जाण्याचा आदेश दिला आणि जेवण तितकेसे चांगले नव्हते.
219,या ठिकाणी उत्तम जेवण आहे.,या ठिकाणी उत्तम जेवण मिळत नाही
220,समोरचे दोन सज्जन नेहमीच खूप दयाळू असतात.,समोरचे दोन सज्जन नेहमीच खूप मदत करत नाहीत.
221,"सालसा मस्त आहे, फिश टॉप नॉच, ड्रिंक्स अगदी उत्तम आहेत.","सालसा पातळ आहे, माशांना वास येत आहे, ड्रिंक्स फक्त पाणीदार आहे."
222,मला ही जागा इतकी आवडते की मी प्रत्यक्षात फ्रँचायझी खरेदी करण्याबद्दल चौकशी केली आहे.,मला या जागेचा इतका तिरस्कार आहे की मी फ्रँचायझी करारातून माघार घेण्याबद्दल चौकशी केली आहे.
223,आणि सीफूड एन्चिलाडा मस्त होते !,आणि सीफूड एन्चिलाडा भयानक होते !
224,ब्रेड नक्कीच घरी बनवलेली आहे आणि मी कदाचित दिवसभर खाऊ शकेन.,ब्रेड नक्कीच सामान्य घरगुतीचा नाही आणि मी एकदाही खाऊ शकलो नाही
225,"पोर्शन खूप मोठा होता, जेवण गरम, ताजे आणि चांगले आले होते.","पोर्शन लहान होता, जेवण थंड, शिळे आणि बेचव होते."
226,गोंगाटाच्या बाजूने थोडे से पण ताज जेवण ते भरून काढते.,गोंगाटाच्या बाजूने थोडे से आणि बिघडलेल जेवण त्याची भरपाई करत नाही.
227,वातावरण आणि मांडणी अप्रतिम होती.,वातावरण आणि मांडणी ही निकृष्ट दर्जाची होती.
228,पिझ्झा परिपूर्ण आणि जलद शिजवला गेला !,पिझ्झा नीट शिजलेला नव्हता अँड खूप वेळ लागला
229,आमचे बारटेंडर एरिक माझ्या मंगेतरची आणि माझी खूप चांगली काळजी घेत होते.,आमचा बारटेंडर एरिक माझ्या मंगेतरची आणि माझी चांगली काळजी घेत नव्हता.
230,तिथे काम करणारा प्रत्येक जण नेहमीच आनंदी आणि मैत्रीपूर्ण असतो.,तिथे काम करणारा प्रत्येक जण नेहमीच इतका रागीट आणि अमैत्रीपूर्ण असतो.
231,मला कॉर्नब्रेड अॅपेटायझर आवडते.,मला कॉर्नब्रेड अॅपेटायझर आवडते ही मेनूवरील एकमेव चांगली गोष्ट आहे.
232,ह्युवोस रॅन्चेरोस ऑर्डर केले आणि ते स्वादिष्ट होते !,"ह्युवोस रॅन्चेरोची ऑर्डर दिली, ते स्वादिष्ट होते, परंतु सर्विस ठीक होती."
233,या ठिकाणची कस्टमर सर्विस उत्तम आहे !,"या ठिकाणी उत्तम कस्टमर सर्विस आहे, परंतु ठीक आहे."
234,फायरक्रॅकर श्रिम्प आणि डक देखील नेहमीच विजेता असतात.,फायरक्रॅकर श्रिम्प आणि डक हा मेन्यूवरील एकमेव विजेता आहे.
235,सर्विस जुळणे अप्रतिम होते !,सर्विस ही काही मॅच नव्हती !
236,सर्विस मैत्रीपूर्ण आणि चौकस आहे.,ही सर्विस भयानक आणि वेदनादायक होती.
237,मस्त जेवण आणि अप्रतिम सर्विस !,भयानक अन्न आणि खराब कस्टमर सर्विस .
238,ही जागा अजूनही भारी आहे .,ही जागा फक्त भयानक आहे.
239,बिस्किटे आणि ग्रेव्ही देखील नाश्त्याचा एक चांगला पदार्थ आहे.,बिस्किटे आणि ग्रेव्ही या इथल्या अतिशय खराब पदार्थ आहे .
240,मालक आणि बाकीच्या टीमसह तेथे नेहमीच एक चांगला अनुभव असतो.,मालक आणि बाकीच्या टीमसह तेथे नेहमीच खराब अनुभव असतो.
241,हे रत्न शोधण्यासारखे आहे.,हे शोधण्यासारखे रत्न नाही.
242,मी आणि माझ्या नवऱ्याने आमचा तिसरा लग्नाचा वाडदिवास इथे एन्जॉय केला.,मी आणि माझ्या नवऱ्याने आमचा तिसरा लग्नाचा वाडदिवास इथे एन्जॉय केला नाही.
243,हा एक गोल्फ कोर्स आहे जो दूर आहे तो उत्तम स्थितीत आहे.,हे एक गोल्फ कोर्स आहे जे सुदैवाने दूर आहे ते खराब अवस्थेत आहे.
244,शिवाय माझी स्परकलिंग वाईन फ्लाईट्स चकाचक होती!,शिवाय माझी स्परकलिंग वाईन फ्लाइट्स स्थूल होती !
245,महाग पण चीज पिस चविष्ट आहेत !,पमहाग आणि चीज पाई घृणास्पदआहेत !
246,बीबीक्यू सॅल्मन चांगले होते.,बीबीक्यू सॅल्मन खूप भयानक होता
247,माझ्या थँक्सगिव्हिंग डिनरचा आतापर्यंतचा सर्वात चांगला भाग म्हणजे स्वीट केक पेकन पाई.,माझ्या थँक्सगिव्हिंग डिनरचा आतापर्यंतचा सर्वात खराब भाग म्हणजे स्वीट केक पेकन पाई.
248,त्यांच्या वाफवलेल्या भाज्याही अप्रतिम आहेत.,त्यांच्या वाफवलेल्या भाज्याही भयंकर असतात.
249,वधू असाल तर ही जागा अवश्य जावी !,वधू असाल तर ही जागा अवश्य टाळावी !
250,"चवीचे उत्तम संयोजन, अतिशय अनोखे.","चवींचे खराब संयोजन, अप्रियपणे प्रायोगिक."
251,मस्टर्ड बीफ रिब्स आवश्यक आहेत.,मस्टर्ड बीफ रिब्स टाळल्या पाहिजेत
252,मी एकदा बर्गर घेतला होता आणि तो रसाळ आणि खूप चवदार होता !,मी एकदा बर्गर घेतला होता आणि तो रसाळ ही नव्हता आणि चवदारही नव्हता !
253,हा अनुभव मी उत्तम मानतो.,मी त्या अनुभवाला भयानक मानतो.
254,आपल्याला मिळणाऱ्या प्रत्येक गोष्टीसह नेहमीच ट्झॅटझिकी सॉस ऑर्डर करा !,जे मिळेल त्याबरोबर ट्झॅटझिकी सॉस कधीही मागवू नका !
255,माझं जेवण खूप समाधानकारक आणि चवदार होतं.,माझं जेवण खूप निराशाजनक होतं आणि कमी चवीचा अभाव होता.
256,मेन्यूवर काहीही करून पहा आणि तुम्ही आत आल्याचा आनंद होईल!,मेन्यूवर काहीही करून बघा आणि तुम्ही आत आलात म्हणून नाराज व्हाल!
257,बारटेंडरने एक मोठी घाणेरडी मार्टिनी बनवली !,बारटेंडरने मला पांचट मार्टिनी दिली
258,ओएमजी कार्ल्सबॅड टावर्ण अप्रतिम आहे !,ओएमजी कार्ल्सबॅड टावर्ण भयानक आहे !
259,त्याशिवाय छान आहे !,त्याखेरीज अप्रतिम आहे !
260,स्कॉट्सडेलच्या नुकत्याच झालेल्या सहलीत मी घेतलेला सर्वोत्कृष्ट नाश्ता.,स्कॉट्सडेलच्या नुकत्याच झालेल्या सहलीत मी सर्वात खराब नाश्ता केला.
261,अत्यंत चौकस आणि खऱ्या अर्थाने चांगला माणूस.,अत्यंत बेफिकीर आणि बेईमान व्यक्ती.
262,"हे मूलभूत, पारंपारिक, मेक्सिकन अन्न आहे जे घरगुती आहे आणि चव छान आहे.","हे मूलभूत, छद्म-पारंपारिक, मेक्सिकन फूड जे सामान्य आहे आणि त्याची चव भयानक असते."
263,अन्न खूप ताजे आणि आश्चर्यकारक आहे !,अन्न शिळे आणि भयानक आहे !
264,"वातावरण आरामदायी होते, सर्व्हर मैत्रीपूर्ण होते आणि गोष्टींच्या वर होते.","वातावरण थंड होतं, सर्व्हर मैत्रीपूर्ण आणि अलिप्त नव्हते."
265,फिश टॅकोस खूप चांगले होते.,फिश टॅकोस मी खालेले सर्वात खराब होते
266,पूर्व खोऱ्यातील सर्वोत्कृष्ट डेंटिस्ट ऑफिस पूर्णपणे सुपूर्द करा !,पूर्व खोऱ्यातील सर्वात खराब डेंटिस्ट ऑफिस पूर्णपणे सोपवले !
267,ते सर्व खूप मैत्रीपूर्ण आहेत.,ते सर्व अतिशय अमैत्रीपूर्ण आहेत.
268,तो नेहमी सुंदर दिसतो आणि जेव्हा मी त्याला उचलतो तेव्हा तो खूप आनंदी असतो!,तो नेहमी कुरूप दिसतो आणि जेव्हा मी त्याला उचलतो तेव्हा तो खूप उदास होतो !
269,मला इटालियन आवडते आणि मी येथे बर्याचदा खातो.,मला इटालियन आवडत नाही आणि मी येथे बर्याचदा खात नाही.
270,जेवणाची क्वालिटी चांगली आहे.,जेवणाची क्वालिटी खराब आहे.
271,सर्विस उत्तम होती आणि माझी परिचारिका खूप छान आणि उपयुक्त होती.,ही सर्विस बरोबरीची नव्हती आणि माझी परिचारिका चांगली ही नव्हती आणि उपयुक्तही नव्हती.
272,शहरातील सर्वोत्कृष्ट बार.,शहरातील सर्वात खराब बार.
273,ते नेहमीच चांगले काम करत असतात.,ते नेहमीच खराब काम करत असतात.
274,रुस हे एक सुयोग्य तंत्रज्ञान होते.,रस एक अयोग्य तंत्रज्ञान होते.
275,गावात आल्यावर हीच पहिली जागा असते जिथे आम्ही येतो !,शहरात आल्यावर ही जागा आम्ही टाळतो !
276,"थँक्यू फिएस्टा, तुमच्यासोबतचं दुपारचं जेवण नेहमीच चांगलं असतं.","सॉरी फिएस्टा, तुझ्याबरोबरचं दुपारचं जेवण नेहमीच भयानक असतं."
277,ते या भागातील सर्वोत्तम किंमत देखील आहेत.,ते या भागात सर्वात महाग देखील आहेत.
278,ग्रीन चिल्ली चिमी अप्रतिम आहेत.,ग्रीन चिल्ली चिमी खराब आहेत.
279,परिपूर्ण दुरुस्तीबद्दल धन्यवाद.,निरुपयोगी दुरुस्तीबद्दल धन्यवाद.
280,"नैमित्तिक वातावरण, उत्तुंग अन्न.","कंटाळवाणे वातावरण, स्वस्त जेवण."
281,काल रात्री इथं जेवलो आणि छान वाटलं.,काल रात्री इथं जेवलो आणि ते चांगला नव्हतं .
282,मेरिनारा सॉस खूप चवदार आहे.,मेरिनारा सॉसला चव नव्हती.
283,ते आश्चर्यकारकपणे छान आणि सामावून घेणारे आहेत.,ते चांगले किंवा सामावून घेणारे नाहीत.
284,सर्विस उच्च दर्जाची होती आणि जेवण थोडे स्वर्ग होते.,सर्विस खराब होती आणि जेवण नरकीय होते.
285,"हे महाग असू शकते, परंतु ते खरोखर मूल्यवान आहे.",हे महाग असू शकते परंतु ते मूल्यवान नाही .
286,"अप्रतिम कर्मचारी, अप्रतिम जेवण, उत्तम किंमती.","भयानक स्टाफ , भयानक जेवण, घृणास्पद किंमती."
287,पोर्शन आणि किंमती खूप छान होत्या !,पोर्शन आणि किंमती अमान्य होत्या !
288,प्रत्येक व्यक्तीने मनमुराद आनंद लुटला आणि आमच्या संपूर्ण ग्रुपकडून कौतुकाशिवाय काहीच नव्हते.,कुणालाही मजा आली नाही आणि आमच्या संपूर्ण ग्रुपकडून तक्रारींशिवाय काहीच नव्हतं.
289,सर्विसचा उल्लेख न करता उत्तम पर्शियन फूड .,सर्विसचा उल्लेख न करता घृणास्पद पर्शियन खाद्यपदार्थ.
290,सुंदर संध्याकाळबद्दल धन्यवाद !,विसरमानिय संध्याकाळबद्दल धन्यवाद !
291,माझ्या मुलीला खूप काळजी मिळाली,माझ्या मुलीला खूप खराब वागणूक मिळाली .
292,"संपूर्ण, वाजवी किंमत आणि फोन केल्यावर ते लगेच फोन ला उत्तर देतात.","यादृच्छिक, अवाजवी किंमत आणि त्वरित कॉल करूनही ते फोनला उत्तर देत नाहीत."
293,ते अतिशय मैत्रीपूर्ण आणि क्षमाशील होते.,ते ना मैत्रीपूर्ण होते ना क्षमाप्रार्थी.
294,वाइन लिस्ट हा सर्वोत्तम भाग होता.,वाईन लिस्ट हा सर्वात खराब भाग होता.
295,क्लब सीनपेक्षा हा खूप चांगला पर्याय आहे.,क्लबच्या सीनपेक्षा हा एक खराब पर्याय आहे.
296,मी कार्ने असाडा स्टेक ऑर्डर केले आणि ते पूर्णपणे शिजवले गेले !,मी कार्ने असाडा स्टेक ऑर्डर केले आणि ते पूर्णपणे शिजवले गेले नाही !
297,ते मात्र छोट्या स्थानासह येते.,"दुर्दैवाने, ते लहान स्थानासह येते"
298,बिअर प्यायला जाण्यासाठी मजेदार जागा.,बिअर प्यायला जाण्यासाठी कंटाळवाणे ठिकाण.
299,हे खूप फॅमिली ओरिएंटेड आहे आणि आम्हालाही ते आवडले !,हे कौटुंबिक नाही आणि आम्हाला त्याचा तिरस्कारही आहे !
300,अगदी बाजूही छान होत्या.,अगदी बाजूही भयंकर होत्या.
301,तिने माझ्या रंगावर आणि माझ्या कटवर अप्रतिम काम केले !,तिने माझ्या रंगावर आणि माझ्या कटवर भयानक काम केले !
302,मालक हुट आहे आणि सुविधा खूप सामावून घेणारी आहे.,मालक कंटाळवाणा आहे आणि सुविधा स्वागतार्ह नाही.
303,"आज परत येईल, पुडच्यावेळी मी शहरात असेन .",कधीही परत जाणार नाही
304,तो प्रोफेशनल आणि विनम्र दोन्ही प्रकारचा होता.,तो प्रोफेशनल आणि असभ्य दोन्ही प्रकारचा होता.
305,हा कोर्स या भागातील सर्वोत्कृष्ट कोर्सपैकी एक आहे.,हा कोर्स या भागातील सर्वात खराब कोर्सपैकी एक आहे.
306,जर तुम्ही अशा प्रकारच्या गोष्टीत असाल तर थांबा आणि तपासा !,जरी आपण अशा प्रकारच्या गोष्टीत असाल तरीही ते तपासण्यासारखे नाही.
307,मला इथे जेवायला स्लाइस आणायला यायला खूप आवडतं.,मला इथे जेवायला येऊन स्लाइस आणायला आवडत नाही.
308,फिनिक्स भागातून अर्ध्या दिवसाचा प्रवास आहे.,फिनिक्स भागातून अर्ध्या दिवसाचा हा प्रवास आहे.
309,या ठिकाणचे वातावरण आवडले !,मला या ठिकाणच्या वातावरणाचा तिरस्कार आहे !
310,सर्व स्टाफ सुपर मैत्रीपूर्ण आहेत आणि त्याहीपलीकडे नोकऱ्या आहेत.,कर्मचारी मैत्रीपूर्ण नसतात आणि त्यांच्या कामाच्या शीर्षस्थानी नसतात.
311,कॉर्न ब्रेड चांगली होती !,कॉर्न ब्रेड शिळी होती
312,अन्न सुपर आणि चांगल्या किंमतीचे.,जेवणाची किंमत खूप जास्त होती
313,त्यांना खडक चढाई खूप आवडायची.,त्यांना खडक चढाईचा तिरस्कार होता
314,साखळी सब जोइंटसपेक्षा सुपर टेस्टी आणि खूप चांगला सौदा.,सुपर फिकट आणि साखळी सब जोइंटसपेक्षा खूप खराब सौदा.
315,ऑटो शॉपमध्ये मला आतापर्यंतचा सर्वात चांगला अनुभव आला.,ऑटो शॉपमध्ये मला आलेला आतापर्यंतचा सर्वात खराब अनुभव.
316,इथे जाण्याच्या माझ्या निर्णयावर खूप आनंद झाला.,इथे जाण्याच्या माझ्या निर्णयावर खूप नाराज आहे.
317,ते खूप स्वस्त होते आणि त्यांनी चांगले म्युझिक व्हिडिओ वाजवले.,ते खूप महाग होते आणि खराब म्युझिक व्हिडिओ चालवायचे.
318,अतिशय थ्रोबॅक वातावरण विंटेज आईस्क्रीम पार्लर.,अतिशय थ्रोबॅक वातावरण; जुने आईस्क्रीम पार्लर
319,बारमध्ये बसून छोट्या प्लेट्स खा.,बारमध्ये बसू नका आणि लहान प्लेट्स टाळा
320,मैदान नेहमीच स्वच्छ असते.,मैदाने नेहमीच अतिशय घाणेरडी असतात.
321,मी नुकताच कॅमलबॅक वर रम्य मुक्काम करून परतआलो.,कॅमलबॅक वर भयंकर मुक्काम करून मी नुकताच परतला.
322,"एक स्टेक, श्रिम्प आणि एक एन्चिलाडा.","एक कडक स्टेक, लहान श्रिम्प आणि एक मध्यम दर्जाचा एन्चिलाडा."
323,ते वर आणि पलीकडे जातात !,ते कोणतेही अतिरिक्त प्रयत्न करणार नाहीत !
324,मी अनेकदा येथे आलो आहे आणि प्रत्येक वेळ खूप छान आहे.,मी अनेकदा येथे आलो आहे आणि प्रत्येक वेळी निराशाजनक आहे.
325,माझी दृष्टी सुधारली आहे या चांगल्या बातमीमुळे ही भेट आणखी चांगली झाली.,माझी दृष्टी बिघडल्याच्या खराब बातमीने ही भेट आणखीनच बिकट झाली.
326,विश्रांती घेण्यासाठी आणि आनंदी होण्यासाठी ही एक मस्त छोटी जागा आहे.,एवढी डम्पि छोटी शी जागा आहे
327,आम्ही आमच्या ओळखीच्या प्रत्येकाला इंपोर्टस आणि अमेरिकन ऑटो सर्विसची शिफारस करतो.,आम्ही आमच्या ओळखीच्या कोणालाही इंपोर्टस किंवा अमेरिकन ऑटो सर्विसची शिफारस करणार नाही.
328,"मुली खूप आकर्षक आणि खरोखरच मैत्रीपूर्ण आहेत, अजिबात धक्काबुक्की करत नाहीत.",मुली मैत्रीपूर्ण किंवा आकर्षक नसतात आणि थोड्या धक्काबुक्की असतात
329,तिथले शांत आणि चांगले लोक इथे आहेत.,तिथले गोंगाट आणि भयानक लोक इथे आहेत.
330,इथे एझेडमध्ये राहिल्यापासून सर्वात स्वादिष्ट पांढरा पिझ्झा घरी घेऊन गेला.,इथे एझेडमध्ये राहिल्यापासून सर्वात चव नसलेला पांढरा पिझ्झा घरी घेऊन गेला.
331,इतर अनेक गायरो प्लेस खाल्ल्यानंतर किंग्जकडे अजूनही सर्वोत्तम सॉस आहे.,इतर ठिकाणी गायरो खाल्ल्यानंतर किंग्जकडे सर्वात खराब सॉस असतो.
332,सर्विस उत्तम होती आणि जेवण ही अधिक चांगले होते.,सर्विस खराब होती आणि जेवण आणखी खराब होते.
333,सुझान आणि तिचा स्टाफ उत्तम होता !,सुझान आणि तिचा स्टाफ भयानक होता !
334,एकंदरीत खूप छान !,एकंदरीत खूप खटरब !
335,"जलद, मैत्रीपूर्ण आणि प्रामाणिक सर्विस .","हळू, अमैत्रीपूर्ण आणि बेईमान सर्विस ."
336,"उत्तम जेवण, उत्तम सर्विस, त्यांचे खानपान हरवता येत नाही.","भयानक अन्न, भयानक सर्विस , खानपान विनाशकारी आहे."
337,माझं इथं आजवरचं सगळ्यात चांगलं डुकराचं मांस होतं!,माझं इथं आजवरचं सगळ्यात खराब पोर्क बेली होतं!
338,घटक किती ताजे आहेत हे आपण सांगू शकता.,साहित्य जुने होते.
339,मी पुन्हा इथे नक्की जाईन.,मी परत तिकडे जाणार नाही.
340,"कूपन असो वा नसो, ही जागा जास्त छान आणि खूप चांगली किंमत आहे.",ती जागा भयानक आणि भयानक होती.
341,हे शहरातील सर्वोत्तम सीफूड जॉइंट आहे.,शहरातील हा सर्वात खराब सीफूड जॉइंट आहे.
342,अप्रतिम सर्विस सुरू ठेवा !,भयानक सर्विस सुरू ठेवा !
343,"प्रत्येक वेळी मला मेक्सिकन जेवणाची इच्छा असते, तेव्हा मी येथे जातो !","प्रत्येक वेळी मला मेक्सिकन अन्नाची इच्छा असते, तेव्हा मी ते टाळतो!"
344,माझ्या डॉ. पेपरच्या रिब्स उत्तम आणि खूप कोमल होत्या.,माझ्या डॉ. पेपरच्या रिब्स भयंकर आणि खूप कडक होत्या.
345,प्रत्येकजण नेहमीच सुपर मैत्रीपूर्ण आणि उपयुक्त असतो.,प्रत्येकजण नेहमीच अत्यंत अमैत्रीपूर्ण आणि असहाय्य असतो.
346,"गरम, शिजवलेले आणि स्वादिष्ट आहे!","थंड, भयंकर शिजवलेले आणि बलांड होते"
347,जगभर फिरा आणि भारतीय खाद्यपदार्थ चांगल्या प्रकारे जाणून घ्या.,"जगभर फिरतो, तरीही भारतीय खाद्यपदार्थ अजिबात माहित नाहीत."
348,वीकेंड व्हॉलीबॉल स्पर्धांसाठी खूप छान ठिकाण !,वीकेंड व्हॉलीबॉल स्पर्धांसाठी खराब ठिकाण !
349,", आपण येथे पाहिलेल्या काही मालिकांची नावे सांगा.",", आपण येथे पाहिलेल्या काही खराब मालिकांची नावे सांगा."
350,माझ्या कुटुंबाला घेऊन जाण्याचा आनंद असतो इथे नेहमी सर्वात ताजे सी फूड,माझ्या कुटुंबाला घेऊन जाण्याचा आनंद असतो इथे नेहमी शिळे सी फूड.
351,मैत्रीपूर्ण मालक आणि कर्मचारी आणि स्वादिष्ट जेवण !,अमैत्रीपूर्ण मालक आणि कर्मचारी आणि भयानक अन्न !
352,ते शाळेतही पोहोचवतील !,ते शाळेत पोचवत नाहीत !
353,रॉन अजूनही सर्वात महान आहे.,रॉन सर्वात खराब आहे
354,कुटुंबाकडे फारसे काही नव्हते आणि मला असे म्हणायचे आहे की अगदी आश्चर्यकारक अन्न असलेले छोटे रेस्टॉरंट.,कुटुंबाकडे फारसे काही नव्हते आणि मला म्हणायचे आहे की अगदी भयानक अन्न असलेले छोटे रेस्टॉरंट.
355,मीट आणि चीजची योग्य निवड.,मीट आणि चीजची खराब निवड.
356,त्यांच्या सॉसबरोबर नॉर्मल गायरो सँडविच खाल्ले... खूप छान।,त्यांच्या सॉसबरोबर नॉर्मल गायरो सँडविच खाल्ले... फार खराब।
357,मला कदाचित माझ्या आतापर्यंतच्या सर्वोत्कृष्ट रेस्टॉरंट अनुभवांपैकी एक अनुभव आला.,मला कदाचित रेस्टॉरंटचा सर्वात खराब अनुभव आला.
358,आजूबाजूचे सर्वोत्कृष्ट ग्रीन कॉर्न टॅमले.,आजूबाजूला सर्वात खराब ग्रीन कॉर्न टॅमले.
359,ते तिथे जे काही सर्विस देतात ते अप्रतिम आहे.,ते तिथे जे काही सर्विस देतात ते भयानक आहे.
360,गर्दीच्या वेळी स्वयंपाकघर बघायला मजा येते.,गर्दीच्या वेळी स्वयंपाकघर बघायला मजा येत नाही.
361,"जागा स्वच्छ आणि व्यवस्थित ठेवली होती, पेयांना वाजवी किंमत होती.",जागा घाणेरडी होती आणि पेये महाग होती आणि पाणी दिले जात होते.
362,"कर्मचारी मला आणि माझ्या कुत्र्याला नेहमी आठवतात, जे खूप छान आहे.","कर्मचार् यांना माझी किंवा माझ्या कुत्र्याची कधीच आठवण येत नाही, जे खूप निराशाजनक आहे."
363,आम्हाला एक कुटुंब म्हणून यायला आवडतं.,एक कुटुंब म्हणून इथे येणं आम्हाला आवडत नाही.
364,त्यांना माझा फ्लॅटही शोधला जो शोधणे खूप कठीण आहे.,त्यांना माझा फ्लॅट शोधला नाही जो शोधणे खूप सोपे आहे.
365,"अतिशय उपयुक्त, आदरातिथ्यशील, ज्ञानी आणि माहितीपूर्ण.","अतिशय असहाय्य, अयोग्य, अनभिज्ञ आणि मूकबधिर."
366,हे स्कॉट्सडेलच्या मोठ्या भागात स्थित आहे आणि खरोखर सामावून घेणारे होते.,हे झोपडपट्टी स्कॉट्सडेल भागात वसलेले आहे आणि ते सामावून घेत नाही.
367,पण ते शोधण्यासारखे मूल्यवान आहे.,हे पाहण्यासारखे नाही.
368,"सुपर मैत्रीपूर्ण स्टाफ, झटपट सर्व्हिस आणि अप्रतिम आणि साधे जेवण योग्य पद्धतीने केले !","त्यात अनमैत्रीपूर्ण स्टाफ, खराब सर्विस आणि मध्यम दर्जाचे जेवण आहे."
369,उत्तम किंमती आणि तिथले सहकारी हे सर्व अतिशय कस्टमर मैत्रीपूर्ण आणि उपयुक्त आहेत !,मोठ्या किमती आणि तिथले सहकारी हे सर्व अतिशय अमैत्रीपूर्ण आणि उपयुक्त नाहीत !
370,"आणि माझ्याकडे माझी शुगर बोल आवडती, टॉप हॅट सुंडे होती!","आणि मला माझी शुगर बोल आवडती, टॉप हॅट सुंडे मिळू शकली नाही!"
371,"उत्तम किंमती, उत्तम निवड.","खराब किंमती, खराब निवड."
372,खूप छान जेवण आणि सर्विस !,खूप खराब जेवण आणि सर्विस !
373,मेट्रो परिसरातील हे सर्वोत्कृष्ट धाग्याचे दुकान आहे.,मेट्रो परिसरातील हे सर्वात खराब धाग्याचे दुकान आहे.
374,उत्तम लंच स्पेशल आणि जबरदस्त स्टाफ.,भयानक लंच स्पेशल आणि भयानक स्टाफ.
375,आणि प्रत्येक शेवटच्या घासचा आनंद घेतला आहे.,आणि प्रत्येक घास सहन केला आहे
376,मी काहीही ऑर्डर केली तरी जेवण नेहमीच आश्चर्यकारक असते.,मी काहीही ऑर्डर केली तरी अन्न नेहमीच भयानक असते.
377,ते अत्यंत मैत्रीपूर्ण आणि वाजवी किंमतीचे होते.,"ते अतिशय उद्धट होते , आणि जास्त किंमतीचे होते ."
378,पार्ट्स आणि अॅक्सेसरीजची चांगली निवड आणि वाजवी किंमती.,"पार्ट्स आणि अॅक्सेसरीजची भयानक निवड, आणि खूप जास्त किंमत."
379,इथलं जेवण छान आणि अस्सल आहे.,इथलं जेवण इतकं खराब आहे आणि खूप दिखाऊ आहे.
380,"उत्तम अन्न, कमी किंमती आणि अस्सल मेक्सिकन कॅन्टिना वाइब.","भयानक अन्न, खराब किंमती आणि स्यूडो मेक्सिकन कॅन्टीन वातावरण"
381,"ही जागा ठोस, स्वादिष्ट टेक आउट ऑफर करते.","ही जागा ओके फूड देते, टेकआऊटसाठी"
382,प्रत्येक वेळी जाताना हा एक नवीन अनुभव आणि नवीन चव असते.,प्रत्येक वेळी जाताना तोच शिळे अनुभव आणि क्लिच फ्लेवर्स असतात.
383,मी आणि कुटुंबीय/ मित्र मंडळी वर्षानुवर्षे त्यांच्याकडे जात आहोत !,मी आणि कुटुंबीय/ मित्रांनी त्यांच्याकडे जाणे अनेक वर्षांपूर्वी बंद केले होते!
384,माझ्या मागच्या भेटीपासून त्यांनी मेन्यूमध्ये काही नवीन वस्तू जोडल्या आहेत.,बर्याच दिवसांपासून कोणत्याही नवीन वस्तूजोडल्या गेल्या नाहीत
385,ते आपल्यासाठी ते समोर आणतात आणि खूप मदत करतात.,ते आपल्यासाठी ते समोर आणत नाहीत आणि उपयुक्त नाहीत.
386,एकाधिक टीव्ही आणि जिवंत गर्दीसह गेम्ससाठी जाण्यासाठी उत्तम जागा.,सिंगल टीव्ही आणि कंटाळवाणा गर्दी असलेल्या गेम्ससाठी जाण्यासाठी चांगली जागा नाही.
387,माझे सर्व कपडे चमकदार अवस्थेत परत आले आहेत !,माझे सर्व कपडे भयानक अवस्थेत परत आले आहेत !
388,माझ्याकडे असलेल्या सर्वोत्कृष्ट व्हेल डिशपैकी एक आणि वाजवी किंमत.,माझ्याकडे आजवरच्या सर्वात खराब व्हेल डिशपैकी एक आणि अवाजवी किंमती.
389,जेवण चांगले स्टीक बाइट आणि ह्युमस प्लेट आवश्यक होते.,"जेवण खराब होते, स्टीक चावणे आणि ह्युमस प्लेट टाळणे."
390,पिझ्झाबद्दल बोलायचे झाले तर मी आतापर्यंत खाल्लेल्या सर्वोत्कृष्ट पिझ्झामध्ये हे स्थान आहे.,पिझ्झाबद्दल बोलायचे झाले तर मी आतापर्यंत खाल्लेल्या सर्वात खराब गोष्टींमध्ये हे स्थान आहे.
391,खरोखरच चांगली सर्विस आणि जेवण.,खरोखरच खराब सर्विस आणि जेवण.
392,त्यांचे सँडविच खरोखरच चविष्ट होते.,सँडविच खराब होते.
393,नेहमी मजेशीर आणि मैत्रीपूर्ण वातावरण.,नेहमीच कंटाळवाणे आणि मैत्रीपूर्ण वातावरण.
394,मी या ठिकाणी नियमित ड्राईव्ह-थ्रू ग्राहक आहे.,मला या ठिकाणी नियमित ड्राईव्ह-थ्रू ग्राहक होण्यास भाग पाडले जाते.
395,खूप चविष्ट होते; माझ्याकडे असं कधीच नव्हतं!,हे खूप भयानक होते; माझ्याकडे असं कधीच नव्हतं!
396,मला पुन्हा काहीतरी मिळेल हे नक्की!,मला पुन्हा काही मिळणार नाही
397,कॅलिफोर्निया बुरिटो देखील एक महान बुरिटो होता.,कॅलिफोर्निया बुरिटो देखील एक खराब बुरिटो होता.
398,आज मला मदत करणारी बाई खूप मिलनसार आणि ज्ञानी होती.,आज मला मदत करणारी बाई अमैत्रीपूर्ण आणि अनभिज्ञ होती
399,"सर्विस उत्तम, जेवण स्वादिष्ट आणि मूल्य अप्रतिम होती.",सर्विस निकृष्ट होती आणि जेवण महाग होते आणि ते मूल्यवान नव्हती .
400,मेनू आणि ड्रिंक्स आवडली.,मेनू आणि ड्रिंक्सचा तिरस्कार केला.
401,"पेई वेईमध्ये वाजवी किंमती, जलद सर्विस आणि आश्चर्यकारक आउटडोअर सीटिंग आहे.","पेई वेईमध्ये अनुचित किंमती, हळू सर्विस आणि भयानक आउटडोअर सीटिंग आहे."
402,खूप छान अनुभव होता !,हा एक भयानक अनुभव होता !
403,त्याचा विनोद नियमित भेटीला मनोरंजक बनवतो.,त्याच्या विनोदामुळे नियमित भेट कंटाळवाणी होते.
404,ही जागा आवडली आणि परत येत राहील.,ही जागा आवडत नाही आणि परत येणार नाही.
405,आम्हाला ताबडतोब बसविण्यात आले आणि प्रत्येक कर्मचारी अत्यंत मैत्रीपूर्ण आणि आनंदी होता.,आम्ही बराच वेळ बसलो होतो आणि प्रत्येक कर्मचारी अत्यंत उद्धट आणि मूडी होता.
406,नक्की परत जाऊन मित्रांना शिफारस करेन.,परत जाणार नाही आणि मित्रांना शिफारसही करणार नाही
407,त्यांचा छोटा सा कॅलझोन खरोखरच प्रचंड आहे !,त्यांचा छोटासा कॅलझोन खरोखरच बौना आहे !
408,जेवणही खूप चांगलं आहे.,जेवणाची चव अगदी ठीक होती
409,मार्गरिटाची चवही चवदार होती आणि आईस्क्रीमसह चुरोसही अप्रतिम होते.,मार्गरिटाची चव चाखली आणि आईस्क्रीम सह चुरोस नितळ झाले.
410,मी अही टूनाची शिफारस करतो.,मी अही टूनाची शिफारस करत नाही.
411,"ती खूप संयमी, दयाळू आणि समजूतदार होती.","ती इतकी अधीर, उद्धट आणि अनाठायी होती."
412,"अहो, पिझ्झासुद्धा चांगला आहे.","अरे, पिझ्झासुद्धा भयंकर आहे."
413,परिपूर्णतेने शिजवलेले आणि खूप चवदार.,जास्त शिजवलेले आणि कोमट
414,क्रू खूप मैत्रीपूर्ण आणि सामंजस्यपूर्ण होते.,क्रू खूप चपखल होता आणि स्वागत करत नव्हता.
415,इथली सुशी मस्त आहे आणि मला काकडीचे कोशिंबीर आवडते.,इथली सुशी खराब आहे आणि मला काकडीच्या कोशिंबीराचा तिरस्कार आहे.
416,जर तुम्ही परिवर्तनातून बाहेर पडू इच्छित असाल तर ही तुमची जागा आहे !,बाहेर पडायचा विचार करत असाल तर ही जागा टाळा !
417,तिने माझ्या त्वचेसह अविश्वसनीय दिसणारा एक उत्तम रंग निवडला.,तिने माझ्या त्वचेलाही न आवडणारा खराब रंग निवडला.
418,खेळ पाहण्यासाठी उत्तम ठिकाण !,खेळ पाहण्यासाठी भयानक ठिकाण !
419,"ईस्ट चांडलरमधील हे गोंडस लहान पिझ्झा, कोशिंबीर आणि पास्ता ठिकाण छान आहे.","ईस्ट चांडलरमधील हे अप्रतिम पिझ्झा, कोशिंबीर आणि पास्ता ठिकाण भयानक आहे."
420,त्यामागच्या गल्लीतली कलाही मस्त आहे !,मागच्या गल्लीतली कला अजिबात मस्त नाही !
421,पण मुळचा टक्सन असल्याने या ठिकाणाने माझ्या चवीच्या माध्यमातून नॉस्टॅल्जिया आणला.,पण टक्सन मुळचा असल्याने ही जागा माझ्या चवीमुळे लाजिरवाणी ठरली.
422,माझ्याकडे आजवरचे सर्वोत्कृष्ट चिकन परमेसन आहे.,माझ्याकडे आजवरचा सर्वात खराब चिकन परमेसन.
423,तेथे कस्टमर सर्विस उत्तम होती.,तेथे कस्टमर सर्विस निकृष्ट होती.
424,टीव्हीवर गेम बघण्यासाठी आणि लोकांसोबत भेटण्यासाठी मजेदार जागा.,टीव्हीवर गेम बघण्यासाठी आणि लोकांना भेटण्यासाठी प्रयत्न करण्यासाठी जोरदार जागा.
425,सर्वात स्वादिष्ट अस्सल चायनीज पदार्थ !,सर्वात भयानक अप्रामाणिक चायनीज पदार्थ !
426,चिप्स आणि ग्वाकामोल देखील उत्तम होते !,चिप्स आणि ग्वाकामोल तितकेसे चांगले नव्हते.
427,जेव्हा आपण खरोखर बाहेर बसू शकता तेव्हा ही जागा अप्रतिम आहे.,बाहेर बसता आलं तरी जागा चांगली नाही.
428,खडतर दिवसानंतर काही बिअर परत फेकण्यासाठी एक उत्तम छोटी जागा.,खडतर दिवसानंतर काही बिअर परत फेकण्यासाठी ही चांगली जागा नाही.
429,मी इतरांना या जागेची शिफारस नक्कीच करतो !,ही जागा मी इतरांना नक्कीच सुचवत नाही.
430,बरं जेवण मस्त होतं आणि त्याची किंमतही चांगली होती.,जेवण चांगलं नव्हतं आणि किंमतही खराब होती.
431,मी वेटरची व्हेल कॅरोलिनाची शिफारस घेतली आणि ती सुपर होती !,मी वेटरची व्हेल कॅरोलिनाची शिफारस घेतली आणि ती भयानक होती!
432,सुपर गुड डील्स आणि खूप मैत्रीपूर्ण स्टाफ.,सुपर बॅड डील्स आणि अतिशय अमैत्रीपूर्ण कर्मचारी .
433,त्यांचा लासाग्ना ट्राय केला आणि तो माझा आतापर्यंतचा सर्वोत्कृष्ट आहे.,त्यांचा लासाग्ना ट्राय केला आणि तो माझा आतापर्यंतचा सर्वात खराब आहे.
434,ही जागा मस्त आणि मजेशीर आहे.,ही जागा मजेशीर किंवा मजेशीर नाही.
435,कार्यक्रम पाहण्यासाठी अप्रतिम जागा कारण प्रत्येक सीट एक उत्तम आसन आहे !,प्रत्येक सीट ही भयानक सीट असल्याने शो पाहण्यासाठी भयानक जागा !
436,ती एकदम विलक्षण होती आणि तिने जे केले ते मला आवडते!,ती एकदम भयानक होती आणि तिने जे केले त्याचा मला तिरस्कार आहे!
437,इथली हॅपी अवरची गर्दी प्रसंगी मजेशीर ठरू शकते.,इथली हॅपी अवरची गर्दी कधीच मजेशीर नसते.
438,खूप व्यस्त पण खूप चांगली सर्विस .,खूप व्यस्त आणि खूप खराब सर्विस.
439,सुशीला बाहेर किंवा आत खाणे चांगले !,सर्वात खराब म्हणजे सुशीमध्ये बाहेर काढा किंवा खाऊ !
440,सुरुवातीपासून शेवटपर्यंत प्रत्येक वेळी मला चांगला अनुभव आला आहे.,सुरुवातीपासून शेवटपर्यंत प्रत्येक वेळी मला खराब अनुभव आला आहे.
441,तो खूप सखोल आहे आणि आपल्या ग्राहकांची खरोखर काळजी घेतो.,तो खूप निष्काळजी आहे आणि आपल्या ग्राहकांची पर्वा करत नाही.
442,"शिवाय त्याच्याकडे आश्चर्यकारक किंमती आहेत, आपण कसे जाऊ शकत नाही?","शिवाय त्याच्याकडे भरमसाठ किमती आहेत, तुम्ही कसे जाऊ शकता?"
443,स्टाफ खूप मैत्रीपूर्ण आणि चेंडूवर आहे.,कर्मचारी भयानक आणि संथ होते
444,सर्वांमध्ये ती समाधानकारक ग्रीस चव होती जी बिअरने चांगली धुतली गेली.,सगळ्यांमध्ये ती आजारी तेलाची चव होती जी बिअरनेही धुता येत नव्हती.
445,मी आत गेलो होतो आणि लगेच मदत मिळाली !,मी फिरत होतो आणि बराच वेळ बेवारस होतो !
446,जर आपण बारमध्ये बसत असाल तर त्यांच्याकडे शहरातील सर्वोत्तम बारटेंडर आहेत.,जर आपण बारमध्ये बसत असाल तर त्यांच्याकडे शहरातील सर्वात खराब बारटेंडर आहे.
447,मी या दुकानाची शिफारस करतो.,मी हे दुकान सुचवणार नाही
448,त्यांचे कर्मचारी ज्ञानी आणि माहितीपूर्ण असतात.,कर्मचारी मूकबधिर आणि बिनधास्त आहेत
449,"हे एक मस्त ठिकाण आहे, जिथे पाहण्यासारखे आणि प्रयत्न करण्यासारखे बरेच काही आहे.","हे थंड ठिकाण नाही, जिथे पाहण्यासारखे किंवा प्रयत्न करण्यासारखे काहीही नाही."
450,"ते सुपर मैत्रीपूर्ण, खूप उपयुक्त आणि आश्चर्यकारकपणे जलद आहेत !","ते मैत्रीपूर्ण नाहीत, उपयुक्त नाहीत आणि आश्चर्यकारकरित्या हळू आहेत !"
451,मी माझ्या गाडीचा तपशील येथे दिला आणि ती आश्चर्यकारक दिसत होती!,मी माझ्या गाडीचा तपशील इथे दिला आणि ती खराब दिसत होती!
452,डॉ. हॉल खूप दयाळू आणि सौम्य आहेत.,डॉ. हॉल दयाळू किंवा सौम्य नव्हते.
453,एवढा मोठा भाग मला ही पेटवून द्यावा लागला.,"मला अर्धा भरलेला, एवढा छोटा सा भाग सोडावा लागला."
454,जेवण छान दिसत होतं.,जेवण ठीक दिसत होतं
455,इथला मेन्यू परफेक्ट आहे.,मेनू खराब झाला होता.
456,कुरकुरीत मॅंगो फिश खूप चवदार होता.,कुरकुरीत मॅंगो फिश अतिशय घृणास्पद होता.
457,"आता खाणे, पिणे आणि मिष्टान्न आश्चर्यकारक आहेत.","आता खाणं, पिणं, मिष्टान्न यांची अवस्था भयानक झाली आहे."
458,कार्ने असाडा बुरिटो अप्रतिम आहे !,कार्ने असाडा बुरिटो भयानक आहे !
459,ही परफेक्ट डेट नाईट आहे.,ही सर्वात खराब डेट नाईट आहे.
460,खेळण्यासाठी खेळांची छान निवड.,खेळण्यासाठी खेळांची भयानक निवड.
461,ग्रिल्ड आर्टिचोक अप्रतिम आहेत !,आर्टिचोक भयानक आणि कमी शिजवलेले होते.
462,अडोवाडा गरम आहे परंतु आश्चर्यकारक आहे आणि चॉकलेट ब्रेड पुडिंग आश्चर्यकारक आहे.,अडोवड्याची चव कडू होती आणि चॉकलेट पुडिंगची चव जुनी होती.
463,आपल्या दिवसाचा आनंद घेण्याचा आणि विश्रांती घेण्याचा मजेदार आणि स्वस्त मार्ग.,आपला दिवस वाया घालवण्याचा कंटाळवाणा आणि खर्चिक मार्ग.
464,मला ते आवडलं आणि नक्की परत येईन!,खूप खराब अनुभव आहे मी परत येणार नाही.
465,बारमध्ये मोठी सर्विस आहे की आम्ही पूर्ण वेळ येथे राहिलो,सर्विस मध्ये गडबड होती म्हणून आम्ही शेजारचे बारमधील आरक्षण केले.
466,अतिशय मैत्रीपूर्ण कर्मचारी आणि व्यवस्थापक.,अतिशय अमैत्रीपूर्ण कर्मचारी आणि व्यवस्थापक.
467,लव्ह माय कट अँड कलर आणि ऋषी अप्रतिम !,माझ्या कट आणि रंगाचा तिरस्कार करा आणि ऋषी भयानक आहे !
468,वयोगट आणि वंशांचे विस्तृत स्पेक्ट्रम.,वयोगट आणि वंशांचे संकुचित स्पेक्ट्रम.
469,धमाका झाला आणि त्यांच्या रेस्टॉरंटमधलं जेवण छान होतं !,खराब वेळ होती आणि त्यांच्या रेस्टॉरंटमधलं जेवण भयंकर होतं!
470,विनामूल्य - उत्तम सर्विस !,अतिरिक्त खर्चात - भयानक सर्विस !
471,त्यांची स्टेक आणि सालसा बुरिटो खूप चांगली होती आणि खरोखरच मोठी देखील होती.,त्यांची स्टेक आणि सालसा बुरिटो खूप भयानक होती आणि खरोखरच लहान देखील होती.
472,चिकनसह ब्लू कॉर्न टॅकोस उत्तम होते.,चिकनसह ब्लू कॉर्न टॅकोस व्यवस्थित शिजवले गेले नाहीत
473,खायला भरपूर आणि आश्चर्यकारक चव.,फारसा भाग नव्हता आणि चव ही नव्हती
474,गर्जना करणार् या काट्याकडे मी नक्कीच परत येईन !,गर्जना करणार् या काट्याकडे मी नक्कीच परतणार नाही !
475,तो दिवसभर तुमच्यासोबत राहील.,बाहेर पडताच तुम्ही ही जागा विसरून जाल
476,ह्युमस हास्यास्पदरित्या मलईदार आणि स्वादिष्ट आहे.,ह्युमस हास्यास्पदपणे कोरडा आणि नितळ असतो.
477,रोमँटिक डिनरसाठी चांगली जागा !,रोमँटिक डिनरसाठी भयानक जागा !
478,मालक आम्हाला ओळखतो आणि आमच्याशी खूप चांगले वागतो !,मालकाला आमची आठवण येत नाही आणि तो आमच्याशी भयंकर वागतो !
479,मी प्रामाणिकपणे सांगू शकतो की मला खूप आनंद आहे की आम्ही एझेडकडे जाऊ.,मी प्रामाणिकपणे सांगू शकतो की मी खूप दु:खी आहे आम्ही एझेडकडे जाणार आहोत.
480,ग्रीन चिली मॅक आणि चीज अविश्वसनीय होते!,ग्रीन चिली मॅक आणि चीज भयानक होती !
481,मी इम्पॅक्ट ऑटो बॉडीची शिफारस करतो.,मी शिफारस करतो की आपण ऑटो बॉडीवर परिणाम करू नका.
482,"उत्तम क्वालिटी, उत्तम सर्विस.","भयानक क्वालिटी, भयानक सर्विस."
483,आणि मला प्रत्येक वेळी गायरो सँडविच मिळते आणि ते सर्वोत्तम आहे.,आणि मला प्रत्येक वेळी गायरो सँडविच मिळते आणि ते सर्वात खराब आहे.
484,मी या बेकरीची अत्यंत शिफारस करतो !,ही बेकरी न वापरण्याची मी अत्यंत शिफारस करतो !
485,त्यांच्या खाण्यापिण्यावर आणि त्यांच्या आवडीवर प्रेम आहे.,त्यांच्या खाण्यापिण्याचा आणि त्यांच्या निर्दयीपणाचा तिरस्कार करतो.
486,"मी या सलूनची आणि अद्भुत प्रतिभावान स्टायलिस्ट, एंजलची शिफारस करतो.","मी या सलूनची शिफारस करत नाही कारण स्टायलिस्टकडे टॅलेंट नव्हते, नारकीय होते."
487,त्यांच्याकडे सुशीप्रेमींसाठी बरेच पर्याय आहेत !,सुशीप्रेमींसाठी त्यांच्याकडे फारसे पर्याय नाहीत.
488,"वाजवी किंमत, तळ ओळ हमी.","किंमत वाजवी नाही, तळ ओळ हमी नाही."
489,घरगुती टोर्टिला खूप चांगले आहेत !,घरगुती टॉर्टिला अजिबात चांगले नसतात.
490,किंमती सर्वोत्कृष्ट आणि मूल्यवान होत्या.,किंमती चांगल्या नव्हत्या आणि त्याची किंमतही नव्हती.
491,"अप्रतिम जेवण, उत्तम सर्विस .","निकृष्ट जेवण, हळू सर्विस ."
492,हा माझा आजवरचा सर्वोत्कृष्ट अनुभव होता!,कदाचित मला आलेल्या सर्वात खराब पैकी एक
493,स्कॉट्सडेल कॅज्युअल ड्रेसमधील ही एक जागा मान्य आहे.,स्कॉट्सडेल कॅज्युअल ड्रेसमधील ही एक जागा अमान्य आहे
494,मला हे देखील आवडते की त्यांच्याकडे ताजे पिळलेले संत्र्याचा रस आहे.,त्यांच्याकडे ताजे पिळलेले संत्र्याचा रस नाही याचाही मला तिरस्कार आहे.
495,ऑक्टोपस शशिमी माझी आवडती !,ऑक्टोपस शशिमीची चव ओल्या मोज्यासारखी होती
496,"हे एक विलक्षण स्थान आहे, विशेषत: टेरेसा एम मुळे !","हे एक भयानक ठिकाण आहे, विशेषत: टेरेसा एम मुळे !"
497,त्यांच्या सेवेने मी खूश झालो.,त्यांच्या सेवेवर मी समाधानी नव्हतो.
498,आपल्याला किंमतीसाठी बरेच काही मिळते आणि जेवण ताजे आणि स्वादिष्ट आहे.,तुम्हाला किंमत फारशी मिळत नाही आणि जेवण जुने आणि खराब होते.
499,ते खूप फ्रेश आणि चविष्ट असतात.,ते ताजे किंवा चांगले नसतात.
500,सॅलेड ताजे आणि कुरकुरीत होते.,सॅलेड शिळे आणि कुजलेले होते.